date,time,room_temperature,heating_target,cooling_target,outside_temperature,experiment
2019/08/14, 00:15:00,74.5,68.9,72.7,74.8,1
2019/08/14, 08:15:00,82.4,71.6,76,83.2,1
2019/08/14, 16:15:00,78.2,71.2,75.6,80.3,1
2019/08/15, 00:15:00,72,68.9,72.7,70.4,1
2019/08/15, 08:15:00,78.3,71.6,76,77.7,1
2019/08/15, 16:15:00,75.7,71.2,75.6,78.6,1
2019/08/16, 00:15:00,71.4,68.9,72.7,71.1,1
2019/08/16, 08:15:00,79,71.6,76,80.2,1
2019/08/16, 16:15:00,78.7,71.3,75.6,80.3,1
2019/08/17, 00:15:00,75.2,68.9,72.7,74.8,1
2019/08/17, 08:15:00,78.2,71.6,76,76.3,1
2019/08/17, 16:15:00,77.8,71.3,75.6,79.1,1
2019/08/18, 00:15:00,75.6,68.9,72.7,75.1,1
2019/08/18, 08:15:00,82.1,71.6,76,83.9,1
2019/08/18, 16:15:00,78.5,71.3,75.6,80,1
2019/08/19, 00:15:00,74.4,68.9,72.7,74,1
2019/08/19, 08:15:00,83.5,71.6,76,85.2,1
2019/08/19, 16:15:00,82,71.3,75.6,86.1,1
2019/08/20, 00:15:00,75.7,68.9,72.7,76.7,1
2019/08/20, 08:15:00,78.6,71.6,76,76.2,1
2019/08/20, 16:15:00,77.8,71.3,75.6,78.2,1
2019/08/21, 00:15:00,74.9,68.9,72.7,72.7,1
2019/08/21, 08:15:00,80.7,71.6,76,80.9,1
2019/08/21, 16:15:00,79,71.3,75.6,81.4,1
2019/08/22, 00:15:00,75.3,68.9,72.7,75.2,1
2019/08/22, 08:15:00,78.9,71.6,76,80,1
2019/08/22, 16:15:00,76.3,71.3,75.6,78.6,1
2019/10/25, 00:15:00,75,75,80,52.7,2
2019/10/25, 00:30:00,74.5,75,80,52.7,2
2019/10/25, 00:45:00,74.6,75,80,52.7,2
2019/10/25, 01:00:00,74.9,75,80,52.6,2
2019/10/25, 01:15:00,74.9,75,80,52.7,2
2019/10/25, 01:30:00,75,75,80,52.6,2
2019/10/25, 01:45:00,75.1,75,80,52.6,2
2019/10/25, 02:00:00,75.1,75,80,52.6,2
2019/10/25, 02:15:00,75.1,75,80,52.5,2
2019/10/25, 02:30:00,74.9,75,80,52.5,2
2019/10/25, 02:45:00,75,75,80,52.4,2
2019/10/25, 03:00:00,75.1,75,80,52.3,2
2019/10/25, 03:15:00,75.3,75,80,52.3,2
2019/10/25, 03:30:00,75.5,75,80,52.5,2
2019/10/25, 03:45:00,75.4,75,80,52.5,2
2019/10/25, 04:00:00,75.3,75,80,52.4,2
2019/10/25, 04:15:00,75.2,75,80,52.4,2
2019/10/25, 04:30:00,75.1,75,80,52.6,2
2019/10/25, 04:45:00,75.3,75,80,52.6,2
2019/10/25, 05:00:00,75.4,75,80,52.4,2
2019/10/25, 05:15:00,75.2,75,80,52.4,2
2019/10/25, 05:30:00,75.3,75,80,52.3,2
2019/10/25, 05:45:00,75.5,75,80,52.3,2
2019/10/25, 06:00:00,75.4,75,80,52.4,2
2019/10/25, 06:15:00,75.4,75,80,52.5,2
2019/10/25, 06:30:00,75.5,75,80,52.3,2
2019/10/25, 06:45:00,75.4,75,80,52.2,2
2019/10/25, 07:00:00,75.8,75,80,52.3,2
2019/10/25, 07:15:00,76,75,80,52.3,2
2019/10/25, 07:30:00,75.8,75,80,52.3,2
2019/10/25, 07:45:00,75.5,75,80,52,2
2019/10/25, 08:00:00,75.8,75,80,52.1,2
2019/10/25, 08:15:00,75.3,75,80,52.2,2
2019/10/25, 08:30:00,74.8,75,80,52.4,2
2019/10/25, 08:45:00,74.7,75,80,52.5,2
2019/10/25, 09:00:00,75.1,75,80,52.6,2
2019/10/25, 09:15:00,75.7,75,80,52.8,2
2019/10/25, 09:30:00,76.7,75,80,53.3,2
2019/10/25, 09:45:00,77.9,75,80,53.8,2
2019/10/25, 10:00:00,79,75,80,54.2,2
2019/10/25, 10:15:00,80,75,80,54.6,2
2019/10/25, 10:30:00,80.3,75,80,55.2,2
2019/10/25, 10:45:00,81,75,80,55.8,2
2019/10/25, 11:00:00,82.1,75,80,56.6,2
2019/10/25, 11:15:00,82,75,80,57.1,2
2019/10/25, 11:30:00,80.7,75,80,57.6,2
2019/10/25, 11:45:00,79.8,75,80,58.2,2
2019/10/25, 12:00:00,80.5,75,80,58.7,2
2019/10/25, 12:15:00,80,75,80,58.9,2
2019/10/25, 12:30:00,79.9,75,80,59,2
2019/10/25, 12:45:00,80,75,80,59.5,2
2019/10/25, 13:00:00,79.8,75,80,59.3,2
2019/10/25, 13:15:00,79.7,75,80,59.8,2
2019/10/25, 13:30:00,79.7,75,80,59.6,2
2019/10/25, 13:45:00,79.8,75,80,59.5,2
2019/10/25, 14:00:00,79.4,75,80,59.3,2
2019/10/25, 14:15:00,78.8,75,80,59.4,2
2019/10/25, 14:30:00,79.7,75,80,59.5,2
2019/10/25, 14:45:00,80.4,75,80,59.5,2
2019/10/25, 15:00:00,80,75,80,59.4,2
2019/10/25, 15:15:00,79.3,75,80,59.3,2
2019/10/25, 15:30:00,79.1,75,80,59.2,2
2019/10/25, 15:45:00,79,75,80,59.3,2
2019/10/25, 16:00:00,79.2,75,80,58.8,2
2019/10/25, 16:15:00,79.2,75,80,58.8,2
2019/10/25, 16:30:00,79.1,75,80,58.8,2
2019/10/25, 16:45:00,78.9,75,80,58.8,2
2019/10/25, 17:00:00,78.6,75,80,58.6,2
2019/10/25, 17:15:00,78.1,75,80,58.3,2
2019/10/25, 17:30:00,77.6,75,80,58.1,2
2019/10/25, 17:45:00,76.8,75,80,57.8,2
2019/10/25, 18:00:00,75.8,75,80,57.3,2
2019/10/25, 18:15:00,75.5,75,80,56.8,2
2019/10/25, 18:30:00,75.6,75,80,56.5,2
2019/10/25, 18:45:00,75.6,75,80,56.2,2
2019/10/25, 19:00:00,75.5,75,80,55.9,2
2019/10/25, 19:15:00,75.5,75,80,55.8,2
2019/10/25, 19:30:00,75.6,75,80,55.5,2
2019/10/25, 19:45:00,75.5,75,80,55.4,2
2019/10/25, 20:00:00,75.3,75,80,55.1,2
2019/10/25, 20:15:00,75.3,75,80,54.9,2
2019/10/25, 20:30:00,75.4,75,80,54.6,2
2019/10/25, 20:45:00,75.3,75,80,54.5,2
2019/10/25, 21:00:00,75.3,75,80,54.3,2
2019/10/25, 21:15:00,75.3,75,80,54,2
2019/10/25, 21:30:00,75.2,75,80,53.8,2
2019/10/25, 21:45:00,74.9,75,80,53.6,2
2019/10/25, 22:00:00,74.8,75,80,53.4,2
2019/10/25, 22:15:00,75,75,80,53.3,2
2019/10/25, 22:30:00,75.1,75,80,53.1,2
2019/10/25, 22:45:00,75.1,75,80,52.7,2
2019/10/25, 23:00:00,74.9,75,80,52.5,2
2019/10/25, 23:15:00,74.9,75,80,52.2,2
2019/10/25, 23:30:00,75.2,75,80,52,2
2019/10/25, 23:45:00,74.9,75,80,51.9,2
2019/10/26, 00:00:00,74.6,75,80,51.8,2
2019/10/26, 00:15:00,75,75,80,51.7,2
2019/10/26, 00:30:00,75,75,80,51.7,2
2019/10/26, 00:45:00,74.7,75,80,51.4,2
2019/10/26, 01:00:00,74.6,75,80,51.3,2
2019/10/26, 01:15:00,74.9,75,80,51.3,2
2019/10/26, 01:30:00,75.1,75,80,51.4,2
2019/10/26, 01:45:00,75.1,75,80,51.4,2
2019/10/26, 02:00:00,75.3,75,80,51.4,2
2019/10/26, 02:15:00,75.3,75,80,51.4,2
2019/10/26, 02:30:00,75.2,75,80,51.4,2
2019/10/26, 02:45:00,75.1,75,80,51.4,2
2019/10/26, 03:00:00,75.2,75,80,51.3,2
2019/10/26, 03:15:00,75.3,75,80,51.3,2
2019/10/26, 03:30:00,75.3,75,80,51.5,2
2019/10/26, 03:45:00,75.2,75,80,51.2,2
2019/10/26, 04:00:00,75.2,75,80,51.1,2
2019/10/26, 04:15:00,75,75,80,51.2,2
2019/10/26, 04:30:00,74.9,75,80,51.3,2
2019/10/26, 04:45:00,75.1,75,80,51.4,2
2019/10/26, 05:00:00,75.3,75,80,51.6,2
2019/10/26, 05:15:00,75.3,75,80,51.7,2
2019/10/26, 05:30:00,75.2,75,80,51.7,2
2019/10/26, 05:45:00,75.2,75,80,51.7,2
2019/10/26, 06:00:00,75.1,75,80,52,2
2019/10/26, 06:15:00,75.1,75,80,51.9,2
2019/10/26, 06:30:00,74.9,75,80,51.9,2
2019/10/26, 06:45:00,74.8,75,80,51.8,2
2019/10/26, 07:00:00,75.4,75,80,51.7,2
2019/10/26, 07:15:00,76.6,75,80,51.5,2
2019/10/26, 07:30:00,76.2,75,80,51.2,2
2019/10/26, 07:45:00,75.9,75,80,50.8,2
2019/10/26, 08:00:00,75.9,75,80,50.8,2
2019/10/26, 08:15:00,75.8,75,80,50.8,2
2019/10/26, 08:30:00,75.5,75,80,50.8,2
2019/10/26, 08:45:00,75.5,75,80,50.8,2
2019/10/26, 09:00:00,75.3,75,80,50.8,2
2019/10/26, 09:15:00,75.1,75,80,50.8,2
2019/10/26, 09:30:00,75.1,75,80,50.8,2
2019/10/26, 09:45:00,74.9,75,80,50.7,2
2019/10/26, 10:00:00,74.9,75,80,50.9,2
2019/10/26, 10:15:00,74.8,75,80,51.1,2
2019/10/26, 10:30:00,74.9,75,80,51.3,2
2019/10/26, 10:45:00,75.1,75,80,51.3,2
2019/10/26, 11:00:00,74.9,75,80,51.4,2
2019/10/26, 11:15:00,75,75,80,51.5,2
2019/10/26, 11:30:00,74.6,75,80,51.7,2
2019/10/26, 11:45:00,74.9,75,80,52.3,2
2019/10/26, 12:00:00,75.1,75,80,52.3,2
2019/10/26, 12:15:00,74.9,75,80,52.1,2
2019/10/26, 12:30:00,74.9,75,80,52.2,2
2019/10/26, 12:45:00,74.9,75,80,52.5,2
2019/10/26, 13:00:00,75,75,80,52.6,2
2019/10/26, 13:15:00,75.1,75,80,52.7,2
2019/10/26, 13:30:00,74.7,75,80,52.9,2
2019/10/26, 13:45:00,74.7,75,80,52.8,2
2019/10/26, 14:00:00,75,75,80,52.6,2
2019/10/26, 14:15:00,74.9,75,80,52.6,2
2019/10/26, 14:30:00,75,75,80,52.5,2
2019/10/26, 14:45:00,75.1,75,80,52.5,2
2019/10/26, 15:00:00,75.1,75,80,52.7,2
2019/10/26, 15:15:00,75,75,80,52.8,2
2019/10/26, 15:30:00,75,75,80,53.1,2
2019/10/26, 15:45:00,75.3,75,80,53.4,2
2019/10/26, 16:00:00,75.4,75,80,53.8,2
2019/10/26, 16:15:00,74.6,75,80,54.3,2
2019/10/26, 16:30:00,75.3,75,80,54.5,2
2019/10/26, 16:45:00,75.7,75,80,55.1,2
2019/10/26, 17:00:00,75.8,75,80,55.6,2
2019/10/26, 17:15:00,75.6,75,80,56,2
2019/10/26, 17:30:00,75.7,75,80,56.2,2
2019/10/26, 17:45:00,75.6,75,80,56.6,2
2019/10/26, 18:00:00,75.7,75,80,56.7,2
2019/10/26, 18:15:00,75.7,75,80,56.3,2
2019/10/26, 18:30:00,75.6,75,80,55.9,2
2019/10/26, 18:45:00,75.4,75,80,55.5,2
2019/10/26, 19:00:00,75.4,75,80,55,2
2019/10/26, 19:15:00,75.3,75,80,54.8,2
2019/10/26, 19:30:00,75.2,75,80,54.5,2
2019/10/26, 19:45:00,75.1,75,80,54.4,2
2019/10/26, 20:00:00,75.1,75,80,55,2
2019/10/26, 20:15:00,75.1,75,80,54.9,2
2019/10/26, 20:30:00,74.8,75,80,54.6,2
2019/10/26, 20:45:00,74.4,75,80,54.9,2
2019/10/26, 21:00:00,74.7,75,80,54.7,2
2019/10/26, 21:15:00,74.8,75,80,53,2
2019/10/26, 21:30:00,74.8,75,80,52.3,2
2019/10/26, 21:45:00,75.4,75,80,51.4,2
2019/10/26, 22:00:00,75.7,75,80,50.5,2
2019/10/26, 22:15:00,75.2,75,80,50.3,2
2019/10/26, 22:30:00,74.7,75,80,50.3,2
2019/10/26, 22:45:00,74.9,75,80,50.3,2
2019/10/26, 23:00:00,75,75,80,50.4,2
2019/10/26, 23:15:00,75.1,75,80,50.1,2
2019/10/26, 23:30:00,75.5,75,80,50,2
2019/10/26, 23:45:00,75.3,75,80,50,2
2019/10/27, 00:00:00,74.7,75,80,49.8,2
2019/10/27, 00:15:00,74.9,75,80,49.7,2
2019/10/27, 00:30:00,75,75,80,49.8,2
2019/10/27, 00:45:00,74.3,75,80,49.9,2
2019/10/27, 01:00:00,74.2,75,80,50,2
2019/10/27, 01:15:00,74.5,75,80,50.1,2
2019/10/27, 01:30:00,75,75,80,50.2,2
2019/10/27, 01:45:00,75.2,75,80,50.5,2
2019/10/27, 02:00:00,75.2,75,80,50.7,2
2019/10/27, 02:15:00,75.3,75,80,51.1,2
2019/10/27, 02:30:00,75.1,75,80,51.2,2
2019/10/27, 02:45:00,74.9,75,80,51.5,2
2019/10/27, 03:00:00,75.1,75,80,51.5,2
2019/10/27, 03:15:00,75.4,75,80,51.7,2
2019/10/27, 03:30:00,75.4,75,80,51.5,2
2019/10/27, 03:45:00,75.2,75,80,51.2,2
2019/10/27, 04:00:00,75,75,80,51.1,2
2019/10/27, 04:15:00,75,75,80,51,2
2019/10/27, 04:30:00,75.2,75,80,51,2
2019/10/27, 04:45:00,75.3,75,80,50.9,2
2019/10/27, 05:00:00,75.2,75,80,51.2,2
2019/10/27, 05:15:00,75.1,75,80,51,2
2019/10/27, 05:30:00,75.2,75,80,51,2
2019/10/27, 05:45:00,75.1,75,80,50.9,2
2019/10/27, 06:00:00,75,75,80,50.3,2
2019/10/27, 06:15:00,75.2,75,80,50.1,2
2019/10/27, 06:30:00,75.3,75,80,49.7,2
2019/10/27, 06:45:00,75.3,75,80,49.6,2
2019/10/27, 07:00:00,75.6,75,80,49.2,2
2019/10/27, 07:15:00,75.6,75,80,48.8,2
2019/10/27, 07:30:00,75.1,75,80,48.6,2
2019/10/27, 07:45:00,75,75,80,48.5,2
2019/10/27, 08:00:00,75.2,75,80,48.3,2
2019/10/27, 08:15:00,75,75,80,48.1,2
2019/10/27, 08:30:00,74.3,75,80,48.3,2
2019/10/27, 08:45:00,74.3,75,80,48.6,2
2019/10/27, 09:00:00,75.2,75,80,49,2
2019/10/27, 09:15:00,76.8,75,80,49.4,2
2019/10/27, 09:30:00,78.7,75,80,50.1,2
2019/10/27, 09:45:00,80.5,75,80,50.9,2
2019/10/27, 10:00:00,82,75,80,51.7,2
2019/10/27, 10:15:00,82.4,75,80,52.6,2
2019/10/27, 10:30:00,82.1,75,80,53.3,2
2019/10/27, 10:45:00,81.2,75,80,54,2
2019/10/27, 11:00:00,80.6,75,80,54.8,2
2019/10/27, 11:15:00,80.1,75,80,55.5,2
2019/10/27, 11:30:00,79.9,75,80,56.1,2
2019/10/27, 11:45:00,80,75,80,56.8,2
2019/10/27, 12:00:00,79.7,75,80,57.6,2
2019/10/27, 12:15:00,79.9,75,80,58.4,2
2019/10/27, 12:30:00,80,75,80,58.9,2
2019/10/27, 12:45:00,80.1,75,80,59.6,2
2019/10/27, 13:00:00,80.1,75,80,60.1,2
2019/10/27, 13:15:00,80.1,75,80,60.8,2
2019/10/27, 13:30:00,80.6,75,80,61.4,2
2019/10/27, 13:45:00,80.5,75,80,61.8,2
2019/10/27, 14:00:00,80.4,75,80,62.3,2
2019/10/27, 14:15:00,79.7,75,80,62.7,2
2019/10/27, 14:30:00,78.7,75,80,63.1,2
2019/10/27, 14:45:00,79.3,75,80,63.5,2
2019/10/27, 15:00:00,79.9,75,80,64,2
2019/10/27, 15:15:00,79.8,75,80,64.1,2
2019/10/27, 15:30:00,79.6,75,80,64.1,2
2019/10/27, 15:45:00,79.6,75,80,64.3,2
2019/10/27, 16:00:00,79.6,75,80,64.5,2
2019/10/27, 16:15:00,79.6,75,80,64.6,2
2019/10/27, 16:30:00,79.5,75,80,64.6,2
2019/10/27, 16:45:00,79.3,75,80,64.4,2
2019/10/27, 17:00:00,79.1,75,80,64.2,2
2019/10/27, 17:15:00,79.3,75,80,63.6,2
2019/10/27, 17:30:00,78.5,75,80,63,2
2019/10/27, 17:45:00,77.8,75,80,62.4,2
2019/10/27, 18:00:00,77.3,75,80,61.8,2
2019/10/27, 18:15:00,76.7,75,80,61.1,2
2019/10/27, 18:30:00,76.5,75,80,60.4,2
2019/10/27, 18:45:00,76.6,75,80,59.9,2
2019/10/27, 19:00:00,76.5,75,80,59.5,2
2019/10/27, 19:15:00,76.5,75,80,59,2
2019/10/27, 19:30:00,76.4,75,80,58.5,2
2019/10/27, 19:45:00,76.3,75,80,58,2
2019/10/27, 20:00:00,76.3,75,80,57.5,2
2019/10/27, 20:15:00,76.1,75,80,56.9,2
2019/10/27, 20:30:00,76.1,75,80,56.5,2
2019/10/27, 20:45:00,75.8,75,80,56.4,2
2019/10/27, 21:00:00,75.8,75,80,56,2
2019/10/27, 21:15:00,75.8,75,80,55.6,2
2019/10/27, 21:30:00,75.6,75,80,55.3,2
2019/10/27, 21:45:00,75.6,75,80,55.1,2
2019/10/27, 22:00:00,75.6,75,80,54.7,2
2019/10/27, 22:15:00,75.5,75,80,54.6,2
2019/10/27, 22:30:00,75.6,75,80,54.3,2
2019/10/27, 22:45:00,75.5,75,80,53.9,2
2019/10/27, 23:00:00,75.4,75,80,53.9,2
2019/10/27, 23:15:00,75.3,75,80,53.8,2
2019/10/27, 23:30:00,75.3,75,80,53.8,2
2019/10/27, 23:45:00,75,75,80,53.5,2
2019/10/28, 00:00:00,74.8,75,80,53.2,2
2019/10/28, 00:15:00,75,75,80,52.9,2
2019/10/28, 00:30:00,75.1,75,80,52.8,2
2019/10/28, 00:45:00,74.5,75,80,52.8,2
2019/10/28, 01:00:00,74.9,75,80,52.6,2
2019/10/28, 01:15:00,75.1,75,80,52.7,2
2019/10/28, 01:30:00,75,75,80,52.9,2
2019/10/28, 01:45:00,74.9,75,80,52.8,2
2019/10/28, 02:00:00,74.9,75,80,52.6,2
2019/10/28, 02:15:00,75.1,75,80,52.4,2
2019/10/28, 02:30:00,75.2,75,80,52.4,2
2019/10/28, 02:45:00,75.1,75,80,52.4,2
2019/10/28, 03:00:00,75.2,75,80,52.3,2
2019/10/28, 03:15:00,75.4,75,80,52.1,2
2019/10/28, 03:30:00,75.2,75,80,51.8,2
2019/10/28, 03:45:00,75.1,75,80,51.7,2
2019/10/28, 04:00:00,75.2,75,80,52.1,2
2019/10/28, 04:15:00,75.4,75,80,52.5,2
2019/10/28, 04:30:00,75.4,75,80,52.5,2
2019/10/28, 04:45:00,75.4,75,80,52,2
2019/10/28, 05:00:00,75.3,75,80,52,2
2019/10/28, 05:15:00,75.1,75,80,51.7,2
2019/10/28, 05:30:00,75.1,75,80,50.9,2
2019/10/28, 05:45:00,75.2,75,80,50.5,2
2019/10/28, 06:00:00,75.3,75,80,50.3,2
2019/10/28, 06:15:00,75.3,75,80,50.2,2
2019/10/28, 06:30:00,75,75,80,50.2,2
2019/10/28, 06:45:00,75.1,75,80,50.3,2
2019/10/28, 07:00:00,75.3,75,80,50.2,2
2019/10/28, 07:15:00,75.7,75,80,50.4,2
2019/10/28, 07:30:00,75.7,75,80,50.5,2
2019/10/28, 07:45:00,75.4,75,80,50.9,2
2019/10/28, 08:00:00,75.4,75,80,51.5,2
2019/10/28, 08:15:00,75.4,75,80,52.3,2
2019/10/28, 08:30:00,74.9,75,80,53,2
2019/10/28, 08:45:00,74.7,75,80,53.6,2
2019/10/28, 09:00:00,74.8,75,80,53.6,2
2019/10/28, 09:15:00,75,75,80,53.9,2
2019/10/28, 09:30:00,74.5,75,80,54,2
2019/10/28, 09:45:00,74.9,75,80,54,2
2019/10/28, 10:00:00,74.8,75,80,54.3,2
2019/10/28, 10:15:00,75,75,80,54.6,2
2019/10/28, 10:30:00,74.9,75,80,54.8,2
2019/10/28, 10:45:00,75.2,75,80,55,2
2019/10/28, 11:00:00,75.3,75,80,55.3,2
2019/10/28, 11:15:00,75.4,75,80,55.5,2
2019/10/28, 11:30:00,75.2,75,80,55.8,2
2019/10/28, 11:45:00,75.1,75,80,56.1,2
2019/10/28, 12:00:00,75.5,75,80,56.3,2
2019/10/28, 12:15:00,75.1,75,80,56.5,2
2019/10/28, 12:30:00,75.1,75,80,56.8,2
2019/10/28, 12:45:00,75.4,75,80,56.9,2
2019/10/28, 13:00:00,76,75,80,57.2,2
2019/10/28, 13:15:00,76.2,75,80,57.1,2
2019/10/28, 13:30:00,76.4,75,80,57.3,2
2019/10/28, 13:45:00,76.8,75,80,57.7,2
2019/10/28, 14:00:00,77.1,75,80,58,2
2019/10/28, 14:15:00,77.3,75,80,58.2,2
2019/10/28, 14:30:00,77.4,75,80,58.4,2
2019/10/28, 14:45:00,77.5,75,80,58.4,2
2019/10/28, 15:00:00,77.5,75,80,58.6,2
2019/10/28, 15:15:00,77.3,75,80,58.5,2
2019/10/28, 15:30:00,77.1,75,80,58.4,2
2019/10/28, 15:45:00,76.6,75,80,58.2,2
2019/10/28, 16:00:00,76.5,75,80,58,2
2019/10/28, 16:15:00,76.1,75,80,57.9,2
2019/10/28, 16:30:00,76,75,80,57.8,2
2019/10/28, 16:45:00,76.2,75,80,57.8,2
2019/10/28, 17:00:00,76.5,75,80,57.6,2
2019/10/28, 17:15:00,76.5,75,80,57.6,2
2019/10/28, 17:30:00,76.6,75,80,57.6,2
2019/10/28, 17:45:00,76.5,75,80,57.6,2
2019/10/28, 18:00:00,76.5,75,80,57.5,2
2019/10/28, 18:15:00,76.6,75,80,57.4,2
2019/10/28, 18:30:00,76.6,75,80,57.3,2
2019/10/28, 18:45:00,76.5,75,80,57.2,2
2019/10/28, 19:00:00,76.6,75,80,57.2,2
2019/10/28, 19:15:00,76.3,75,80,57.3,2
2019/10/28, 19:30:00,76.3,75,80,57.1,2
2019/10/28, 19:45:00,76.4,75,80,57.1,2
2019/10/28, 20:00:00,76.1,75,80,57.2,2
2019/10/28, 20:15:00,76.2,75,80,56.9,2
2019/10/28, 20:30:00,76.1,75,80,56.7,2
2019/10/28, 20:45:00,76.1,75,80,56.3,2
2019/10/28, 21:00:00,76,75,80,56.5,2
2019/10/28, 21:15:00,76.1,75,80,56.2,2
2019/10/28, 21:30:00,76,75,80,55.9,2
2019/10/28, 21:45:00,75.9,75,80,55.8,2
2019/10/28, 22:00:00,75.8,75,80,55.8,2
2019/10/28, 22:15:00,75.8,75,80,55.8,2
2019/10/28, 22:30:00,75.6,75,80,55.9,2
2019/10/28, 22:45:00,75.8,75,80,55.6,2
2019/10/28, 23:00:00,75.6,75,80,55.5,2
2019/10/28, 23:15:00,75.6,75,80,55.7,2
2019/10/28, 23:30:00,75.5,75,80,55.8,2
2019/10/28, 23:45:00,75.5,75,80,55.7,2
2019/10/29, 00:00:00,75,75,80,55.8,2
2019/10/29, 00:15:00,74.9,75,80,56,2
2019/10/29, 00:30:00,75.1,75,80,56.1,2
2019/10/29, 00:45:00,74.5,75,80,56.2,2
2019/10/29, 01:00:00,74.8,75,80,56.2,2
2019/10/29, 01:15:00,75,75,80,56.1,2
2019/10/29, 01:30:00,75,75,80,55.9,2
2019/10/29, 01:45:00,75.3,75,80,55.9,2
2019/10/29, 02:00:00,75,75,80,55.9,2
2019/10/29, 02:15:00,74.9,75,80,55.7,2
2019/10/29, 02:30:00,75.1,75,80,55.9,2
2019/10/29, 02:45:00,75.5,75,80,56.1,2
2019/10/29, 03:00:00,75.7,75,80,56.3,2
2019/10/29, 03:15:00,75.4,75,80,56.4,2
2019/10/29, 03:30:00,75.5,75,80,56.5,2
2019/10/29, 03:45:00,75.4,75,80,56.5,2
2019/10/29, 04:00:00,75.5,75,80,56.6,2
2019/10/29, 04:15:00,75.3,75,80,54,2
2019/10/29, 04:30:00,74.8,75,80,51.3,2
2019/10/29, 04:45:00,74.7,75,80,49.7,2
2019/10/29, 05:00:00,75.1,75,80,49,2
2019/10/29, 05:15:00,75.1,75,80,48.5,2
2019/10/29, 05:30:00,74.7,75,80,47.2,2
2019/10/29, 05:45:00,74.9,75,80,46.8,2
2019/10/29, 06:00:00,75.1,75,80,46.6,2
2019/10/29, 06:15:00,75,75,80,46.3,2
2019/10/29, 06:30:00,75,75,80,45.5,2
2019/10/29, 06:45:00,74.9,75,80,45.4,2
2019/10/29, 07:00:00,75.4,75,80,45,2
2019/10/29, 07:15:00,76.2,75,80,44.8,2
2019/10/29, 07:30:00,75.7,75,80,45.5,2
2019/10/29, 07:45:00,74.9,75,80,45.3,2
2019/10/29, 08:00:00,75.3,75,80,44.9,2
2019/10/29, 08:15:00,74.8,75,80,45.1,2
2019/10/29, 08:30:00,74.8,75,80,45.3,2
2019/10/29, 08:45:00,74.9,75,80,45.2,2
2019/10/29, 09:00:00,74.8,75,80,45.7,2
2019/10/29, 09:15:00,74.8,75,80,46,2
2019/10/29, 09:30:00,74.5,75,80,46.9,2
2019/10/29, 09:45:00,74.4,75,80,45.9,2
2019/10/29, 10:00:00,75.1,75,80,45.8,2
2019/10/29, 10:15:00,75,75,80,46,2
2019/10/29, 10:30:00,75.5,75,80,45.7,2
2019/10/29, 10:45:00,75.3,75,80,45.8,2
2019/10/29, 11:00:00,74.6,75,80,46.5,2
2019/10/29, 11:15:00,75,75,80,46.6,2
2019/10/29, 11:30:00,75.4,75,80,45.6,2
2019/10/29, 11:45:00,75.3,75,80,45.2,2
2019/10/29, 12:00:00,75.3,75,80,45.3,2
2019/10/29, 12:15:00,75.4,75,80,45.3,2
2019/10/29, 12:30:00,75,75,80,45.4,2
2019/10/29, 12:45:00,74.7,75,80,45.4,2
2019/10/29, 13:00:00,74.5,75,80,45.8,2
2019/10/29, 13:15:00,74.9,75,80,46.1,2
2019/10/29, 13:30:00,75,75,80,46.3,2
2019/10/29, 13:45:00,75.1,75,80,46.3,2
2019/10/29, 14:00:00,75.3,75,80,46.3,2
2019/10/29, 14:15:00,75.1,75,80,45.9,2
2019/10/29, 14:30:00,75,75,80,46,2
2019/10/29, 14:45:00,75.4,75,80,46.1,2
2019/10/29, 15:00:00,75.1,75,80,47.3,2
2019/10/29, 15:15:00,75.2,75,80,47.3,2
2019/10/29, 15:30:00,75.3,75,80,47.2,2
2019/10/29, 15:45:00,75.2,75,80,47.6,2
2019/10/29, 16:00:00,75.6,75,80,47.9,2
2019/10/29, 16:15:00,75.5,75,80,47.5,2
2019/10/29, 16:30:00,75.7,75,80,47.8,2
2019/10/29, 16:45:00,76.1,75,80,47.6,2
2019/10/29, 17:00:00,76.3,75,80,47.8,2
2019/10/29, 17:15:00,75.9,75,80,47.8,2
2019/10/29, 17:30:00,75.7,75,80,47.7,2
2019/10/29, 17:45:00,74.9,75,80,47.4,2
2019/10/29, 18:00:00,75.4,75,80,47.4,2
2019/10/29, 18:15:00,75.4,75,80,47.4,2
2019/10/29, 18:30:00,75.4,75,80,47.6,2
2019/10/29, 18:45:00,75.1,75,80,47.7,2
2019/10/29, 19:00:00,75,75,80,47.8,2
2019/10/29, 19:15:00,74.8,75,80,47.7,2
2019/10/29, 19:30:00,75.1,75,80,47.6,2
2019/10/29, 19:45:00,74.9,75,80,47.2,2
2019/10/29, 20:00:00,74.8,75,80,47.1,2
2019/10/29, 20:15:00,74.5,75,80,46.7,2
2019/10/29, 20:30:00,75,75,80,46.4,2
2019/10/29, 20:45:00,75.1,75,80,46.3,2
2019/10/29, 21:00:00,75,75,80,46.1,2
2019/10/29, 21:15:00,74.8,75,80,45.9,2
2019/10/29, 21:30:00,74.8,75,80,45.8,2
2019/10/29, 21:45:00,75,75,80,45.6,2
2019/10/29, 22:00:00,75.1,75,80,45.6,2
2019/10/29, 22:15:00,75.5,75,80,45.2,2
2019/10/29, 22:30:00,75.3,75,80,44.9,2
2019/10/29, 22:45:00,75.1,75,80,45.1,2
2019/10/29, 23:00:00,74.9,75,80,44.7,2
2019/10/29, 23:15:00,74.8,75,80,44.3,2
2019/10/29, 23:30:00,75.1,75,80,44.2,2
2019/10/29, 23:45:00,74.9,75,80,44,2
2019/10/30, 00:00:00,74.2,75,80,43.9,2
2019/10/30, 00:15:00,74.9,75,80,43.7,2
2019/10/30, 00:30:00,75,75,80,43.7,2
2019/10/30, 00:45:00,74.2,75,80,43.7,2
2019/10/30, 01:00:00,74.4,75,80,43.9,2
2019/10/30, 01:15:00,74.8,75,80,43.9,2
2019/10/30, 01:30:00,75,75,80,43.9,2
2019/10/30, 01:45:00,75.1,75,80,43.7,2
2019/10/30, 02:00:00,74.8,75,80,43.3,2
2019/10/30, 02:15:00,74.8,75,80,43.3,2
2019/10/30, 02:30:00,75.1,75,80,43.3,2
2019/10/30, 02:45:00,75,75,80,43.3,2
2019/10/30, 03:00:00,74.9,75,80,43.1,2
2019/10/30, 03:15:00,75.1,75,80,43.1,2
2019/10/30, 03:30:00,75,75,80,43.1,2
2019/10/30, 03:45:00,75.3,75,80,43.1,2
2019/10/30, 04:00:00,75.5,75,80,43.2,2
2019/10/30, 04:15:00,75,75,80,43.3,2
2019/10/30, 04:30:00,75,75,80,43.5,2
2019/10/30, 04:45:00,75.1,75,80,43.5,2
2019/10/30, 05:00:00,75,75,80,43.6,2
2019/10/30, 05:15:00,74.9,75,80,43.6,2
2019/10/30, 05:30:00,74.9,75,80,43.7,2
2019/10/30, 05:45:00,74.8,75,80,43.9,2
2019/10/30, 06:00:00,74.8,75,80,43.8,2
2019/10/30, 06:15:00,74.9,75,80,43.7,2
2019/10/30, 06:30:00,74.7,75,80,43.7,2
2019/10/30, 06:45:00,74.6,75,80,43.4,2
2019/10/30, 07:00:00,75.5,75,80,43.4,2
2019/10/30, 07:15:00,76.2,75,80,43.4,2
2019/10/30, 07:30:00,75.6,75,80,43.4,2
2019/10/30, 07:45:00,75.4,75,80,43.5,2
2019/10/30, 08:00:00,75.4,75,80,43.5,2
2019/10/30, 08:15:00,75.2,75,80,43.6,2
2019/10/30, 08:30:00,75.6,75,80,43.7,2
2019/10/30, 08:45:00,75.1,75,80,43.8,2
2019/10/30, 09:00:00,74.9,75,80,44.1,2
2019/10/30, 09:15:00,74.9,75,80,44.1,2
2019/10/30, 09:30:00,74.9,75,80,44.1,2
2019/10/30, 09:45:00,75.1,75,80,44,2
2019/10/30, 10:00:00,74.9,75,80,44.2,2
2019/10/30, 10:15:00,74.8,75,80,44.1,2
2019/10/30, 10:30:00,75,75,80,44.1,2
2019/10/30, 10:45:00,74.8,75,80,44.1,2
2019/10/30, 11:00:00,74.7,75,80,44.2,2
2019/10/30, 11:15:00,74.8,75,80,44.4,2
2019/10/30, 11:30:00,74.4,75,80,44.7,2
2019/10/30, 11:45:00,74,75,80,45,2
2019/10/30, 12:00:00,74.7,75,80,45.2,2
2019/10/30, 12:15:00,74.9,75,80,45.4,2
2019/10/30, 12:30:00,75.6,75,80,45.7,2
2019/10/30, 12:45:00,75.4,75,80,45.8,2
2019/10/30, 13:00:00,75.2,75,80,46.1,2
2019/10/30, 13:15:00,75.6,75,80,46.2,2
2019/10/30, 13:30:00,76.1,75,80,46.6,2
2019/10/30, 13:45:00,75.7,75,80,46.6,2
2019/10/30, 14:00:00,75.1,75,80,46.7,2
2019/10/30, 14:15:00,74.8,75,80,46.6,2
2019/10/30, 14:30:00,75,75,80,46.5,2
2019/10/30, 14:45:00,75.1,75,80,46.6,2
2019/10/30, 15:00:00,74.8,75,80,46.7,2
2019/10/30, 15:15:00,74.8,75,80,46.6,2
2019/10/30, 15:30:00,75.1,75,80,46.5,2
2019/10/30, 15:45:00,75.4,75,80,46.4,2
2019/10/30, 16:00:00,75.3,75,80,46.3,2
2019/10/30, 16:15:00,75.3,75,80,46.5,2
2019/10/30, 16:30:00,75.1,75,80,46.4,2
2019/10/30, 16:45:00,75.2,75,80,46.3,2
2019/10/30, 17:00:00,75.8,75,80,46.1,2
2019/10/30, 17:15:00,75.9,75,80,46.1,2
2019/10/30, 17:30:00,76.3,75,80,46,2
2019/10/30, 17:45:00,76.1,75,80,46.1,2
2019/10/30, 18:00:00,76.2,75,80,46.5,2
2019/10/30, 18:15:00,76.4,75,80,46.6,2
2019/10/30, 18:30:00,76.4,75,80,46.5,2
2019/10/30, 18:45:00,76.1,75,80,46.6,2
2019/10/30, 19:00:00,77,75,80,46.5,2
2019/10/30, 19:15:00,76.5,75,80,46.4,2
2019/10/30, 19:30:00,76.6,75,80,46.5,2
2019/10/30, 19:45:00,76.1,75,80,46.5,2
2019/10/30, 20:00:00,76.1,75,80,46.5,2
2019/10/30, 20:15:00,75.9,75,80,46.6,2
2019/10/30, 20:30:00,75.9,75,80,46.9,2
2019/10/30, 20:45:00,76,75,80,47.2,2
2019/10/30, 21:00:00,75.8,75,80,47.1,2
2019/10/30, 21:15:00,76.5,75,80,47.2,2
2019/10/30, 21:30:00,75.7,75,80,47.4,2
2019/10/30, 21:45:00,75.6,75,80,47.6,2
2019/10/30, 22:00:00,76.3,75,80,47.6,2
2019/10/30, 22:15:00,75.6,75,80,47.5,2
2019/10/30, 22:30:00,76.5,75,80,47.4,2
2019/10/30, 22:45:00,75.6,75,80,47.4,2
2019/10/30, 23:00:00,76.3,75,80,47.4,2
2019/10/30, 23:15:00,75.5,75,80,47.7,2
2019/10/30, 23:30:00,75.8,75,80,47.7,2
2019/10/30, 23:45:00,75.6,75,80,47.6,2
2019/10/31, 00:00:00,75.9,75,80,47.5,2
2019/10/31, 00:15:00,75.8,75,80,47.7,2
2019/10/31, 00:30:00,75.9,75,80,47.6,2
2019/10/31, 00:45:00,75.5,75,80,47.8,2
2019/10/31, 01:00:00,75.4,75,80,47.5,2
2019/10/31, 01:15:00,75.2,75,80,47.5,2
2019/10/31, 01:30:00,74.8,75,80,47,2
2019/10/31, 01:45:00,74.5,75,80,46.4,2
2019/10/31, 02:00:00,74.8,75,80,45.3,2
2019/10/31, 02:15:00,75.2,75,80,44.5,2
2019/10/31, 02:30:00,75.1,75,80,43.7,2
2019/10/31, 02:45:00,75.1,75,80,43,2
2019/10/31, 03:00:00,75.2,75,80,42.3,2
2019/10/31, 03:15:00,75.6,75,80,42,2
2019/10/31, 03:30:00,75.9,75,80,41.8,2
2019/10/31, 03:45:00,75.8,75,80,41.2,2
2019/10/31, 04:00:00,76,75,80,40.7,2
2019/10/31, 04:15:00,75.8,75,80,39.7,2
2019/10/31, 04:30:00,75.8,75,80,39.1,2
2019/10/31, 04:45:00,75.6,75,80,39.1,2
2019/10/31, 05:00:00,75.7,75,80,38.6,2
2019/10/31, 05:15:00,75.6,75,80,38.5,2
2019/10/31, 05:30:00,75.6,75,80,38.2,2
2019/10/31, 05:45:00,75.6,75,80,38,2
2019/10/31, 06:00:00,75.6,75,80,38.2,2
2019/10/31, 06:15:00,75.7,75,80,38.2,2
2019/10/31, 06:30:00,75.7,75,80,38,2
2019/10/31, 06:45:00,75.6,75,80,37.8,2
2019/10/31, 07:00:00,76.2,75,80,37.5,2
2019/10/31, 07:15:00,76.9,75,80,37.6,2
2019/10/31, 07:30:00,76.6,75,80,37.5,2
2019/10/31, 07:45:00,76.5,75,80,37.7,2
2019/10/31, 08:00:00,76.5,75,80,37.7,2
2019/10/31, 08:15:00,76.3,75,80,37.7,2
2019/10/31, 08:30:00,76.1,75,80,37.8,2
2019/10/31, 08:45:00,76.1,75,80,37.5,2
2019/10/31, 09:00:00,75.6,75,80,37.1,2
2019/10/31, 09:15:00,75.2,75,80,36.9,2
2019/10/31, 09:30:00,75.3,75,80,36.6,2
2019/10/31, 09:45:00,74.9,75,80,36.5,2
2019/10/31, 10:00:00,75.2,75,80,36.6,2
2019/10/31, 10:15:00,74.6,75,80,36.7,2
2019/10/31, 10:30:00,74.8,75,80,36.3,2
2019/10/31, 10:45:00,75.6,75,80,35.7,2
2019/10/31, 11:00:00,74.8,75,80,35.5,2
2019/10/31, 11:15:00,74.3,75,80,35.7,2
2019/10/31, 11:30:00,75.2,75,80,35.5,2
2019/10/31, 11:45:00,75,75,80,35.3,2
2019/10/31, 12:00:00,75.3,75,80,35.3,2
2019/10/31, 12:15:00,75,75,80,35.1,2
2019/10/31, 12:30:00,74.5,75,80,35.2,2
2019/10/31, 12:45:00,75.2,75,80,35.1,2
2019/10/31, 13:00:00,75.6,75,80,35,2
2019/10/31, 13:15:00,75.6,75,80,35.1,2
2019/10/31, 13:30:00,76.1,75,80,35.3,2
2019/10/31, 13:45:00,75.9,75,80,35.2,2
2019/10/31, 14:00:00,76.6,75,80,35.3,2
2019/10/31, 14:15:00,76.9,75,80,35.7,2
2019/10/31, 14:30:00,76.3,75,80,35.7,2
2019/10/31, 14:45:00,75.7,75,80,35.6,2
2019/10/31, 15:00:00,75.4,75,80,35.9,2
2019/10/31, 15:15:00,76.4,75,80,35.7,2
2019/10/31, 15:30:00,76.6,75,80,35.6,2
2019/10/31, 15:45:00,77.4,75,80,35.8,2
2019/10/31, 16:00:00,77.8,75,80,35.8,2
2019/10/31, 16:15:00,77.6,75,80,36,2
2019/10/31, 16:30:00,78.2,75,80,36.2,2
2019/10/31, 16:45:00,78.6,75,80,36.1,2
2019/10/31, 17:00:00,78.6,75,80,36.1,2
2019/10/31, 17:15:00,78.4,75,80,36,2
2019/10/31, 17:30:00,78.7,75,80,36.1,2
2019/10/31, 17:45:00,78.3,75,80,36.1,2
2019/10/31, 18:00:00,78.4,75,80,35.9,2
2019/10/31, 18:15:00,77.9,75,80,35.8,2
2019/10/31, 18:30:00,78,75,80,36,2
2019/10/31, 18:45:00,77.5,75,80,36.2,2
2019/10/31, 19:00:00,77.3,75,80,36.1,2
2019/10/31, 19:15:00,77.2,75,80,35.8,2
2019/10/31, 19:30:00,77.2,75,80,35.5,2
2019/10/31, 19:45:00,77.1,75,80,35.1,2
2019/10/31, 20:00:00,76.9,75,80,35,2
2019/10/31, 20:15:00,77,75,80,34.8,2
2019/10/31, 20:30:00,76.7,75,80,34.8,2
2019/10/31, 20:45:00,76.5,75,80,34.8,2
2019/10/31, 21:00:00,76.6,75,80,34.8,2
2019/10/31, 21:15:00,76.6,75,80,34.7,2
2019/10/31, 21:30:00,76.4,75,80,34.6,2
2019/10/31, 21:45:00,76.3,75,80,34.7,2
2019/10/31, 22:00:00,76.2,75,80,34.6,2
2019/10/31, 22:15:00,76.4,75,80,34.3,2
2019/10/31, 22:30:00,76.3,75,80,34,2
2019/10/31, 22:45:00,76.3,75,80,33.5,2
2019/10/31, 23:00:00,76.2,75,80,33.4,2
2019/10/31, 23:15:00,76.4,75,80,33.2,2
2019/10/31, 23:30:00,76.2,75,80,33.1,2
2019/10/31, 23:45:00,76,75,80,33,2
2019/11/01, 00:00:00,76.1,75,80,32.8,2
2019/11/01, 00:15:00,75.9,75,80,32.8,2
2019/11/01, 00:30:00,75.7,75,80,32.8,2
2019/11/01, 00:45:00,73.9,75,80,32.9,2
2019/11/01, 01:00:00,74,75,80,32.8,2
2019/11/01, 01:15:00,74.8,75,80,32.8,2
2019/11/01, 01:30:00,75,75,80,32.7,2
2019/11/01, 01:45:00,75.3,75,80,32.5,2
2019/11/01, 02:00:00,75.4,75,80,32.5,2
2019/11/01, 02:15:00,75.4,75,80,32.4,2
2019/11/01, 02:30:00,75.4,75,80,32.6,2
2019/11/01, 02:45:00,75.5,75,80,32.6,2
2019/11/01, 03:00:00,75.6,75,80,32,2
2019/11/01, 03:15:00,75.5,75,80,32,2
2019/11/01, 03:30:00,75.5,75,80,32.3,2
2019/11/01, 03:45:00,75.6,75,80,32.3,2
2019/11/01, 04:00:00,75.5,75,80,32.4,2
2019/11/01, 04:15:00,75.5,75,80,32.5,2
2019/11/01, 04:30:00,75.6,75,80,32.3,2
2019/11/01, 04:45:00,75.7,75,80,32.5,2
2019/11/01, 05:00:00,75.7,75,80,32.5,2
2019/11/01, 05:15:00,75.9,75,80,31.9,2
2019/11/01, 05:30:00,75.7,75,80,31.8,2
2019/11/01, 05:45:00,75.7,75,80,31.6,2
2019/11/01, 06:00:00,75.7,75,80,31.8,2
2019/11/01, 06:15:00,75.7,75,80,31.5,2
2019/11/01, 06:30:00,75.6,75,80,31.5,2
2019/11/01, 06:45:00,75.6,75,80,31.3,2
2019/11/01, 07:00:00,76.6,75,80,31.5,2
2019/11/01, 07:15:00,77.5,75,80,31.5,2
2019/11/01, 07:30:00,77.4,75,80,31.8,2
2019/11/01, 07:45:00,76.8,75,80,32.2,2
2019/11/01, 08:00:00,76.8,75,80,32.1,2
2019/11/01, 08:15:00,76.4,75,80,32.5,2
2019/11/01, 08:30:00,75.7,75,80,33.2,2
2019/11/01, 08:45:00,75.8,75,80,33.7,2
2019/11/01, 09:00:00,77,75,80,34.1,2
2019/11/01, 09:15:00,78.7,75,80,35,2
2019/11/01, 09:30:00,80.8,75,80,35.9,2
2019/11/01, 09:45:00,82.9,75,80,36.6,2
2019/11/01, 10:00:00,84.2,75,80,37.5,2
2019/11/01, 10:15:00,84.1,75,80,38,2
2019/11/01, 10:30:00,84.7,75,80,38.8,2
2019/11/01, 10:45:00,85,75,80,39.3,2
2019/11/01, 11:00:00,84.9,75,80,40.1,2
2019/11/01, 11:15:00,84.9,75,80,40.7,2
2019/11/01, 11:30:00,85,75,80,41.6,2
2019/11/01, 11:45:00,83.6,75,80,42.5,2
2019/11/01, 12:00:00,82.2,75,80,43.1,2
2019/11/01, 12:15:00,81.5,75,80,43.8,2
2019/11/01, 12:30:00,81.2,75,80,44.9,2
2019/11/01, 12:45:00,81.3,75,80,45.6,2
2019/11/01, 13:00:00,79.7,75,80,46.1,2
2019/11/01, 13:15:00,78.6,75,80,46.4,2
2019/11/01, 13:30:00,79.7,75,80,47.3,2
2019/11/01, 13:45:00,80.2,75,80,47.6,2
2019/11/01, 14:00:00,81,75,80,47.6,2
2019/11/01, 14:15:00,81.7,75,80,48,2
2019/11/01, 14:30:00,80.7,75,80,48.2,2
2019/11/01, 14:45:00,80.4,75,80,48.5,2
2019/11/01, 15:00:00,80,75,80,48.8,2
2019/11/01, 15:15:00,79.7,75,80,49,2
2019/11/01, 15:30:00,79.5,75,80,49.2,2
2019/11/01, 15:45:00,78.5,75,80,49.1,2
2019/11/01, 16:00:00,77.5,75,80,49.1,2
2019/11/01, 16:15:00,77.7,75,80,49.4,2
2019/11/01, 16:30:00,78.2,75,80,49.7,2
2019/11/01, 16:45:00,78.9,75,80,49.3,2
2019/11/01, 17:00:00,78.3,75,80,48.7,2
2019/11/01, 17:15:00,77.8,75,80,48.2,2
2019/11/01, 17:30:00,77.9,75,80,47.9,2
2019/11/01, 17:45:00,77.2,75,80,47.3,2
2019/11/01, 18:00:00,76.6,75,80,46.6,2
2019/11/01, 18:15:00,75.9,75,80,45.9,2
2019/11/01, 18:30:00,75.3,75,80,45.4,2
2019/11/01, 18:45:00,74.8,75,80,45,2
2019/11/01, 19:00:00,75.1,75,80,44.5,2
2019/11/01, 19:15:00,75.1,75,80,44,2
2019/11/01, 19:30:00,75.4,75,80,43.8,2
2019/11/01, 19:45:00,75.5,75,80,43.4,2
2019/11/01, 20:00:00,75.9,75,80,42.9,2
2019/11/01, 20:15:00,75.7,75,80,42.4,2
2019/11/01, 20:30:00,76,75,80,41.6,2
2019/11/01, 20:45:00,75.6,75,80,41.4,2
2019/11/01, 21:00:00,75.3,75,80,41.3,2
2019/11/01, 21:15:00,75.3,75,80,41.6,2
2019/11/01, 21:30:00,75.2,75,80,41.8,2
2019/11/01, 21:45:00,76.5,75,80,41.8,2
2019/11/01, 22:00:00,75.8,75,80,41.8,2
2019/11/01, 22:15:00,75.6,75,80,41.8,2
2019/11/01, 22:30:00,75.9,75,80,42.2,2
2019/11/01, 22:45:00,75.9,75,80,42.3,2
2019/11/01, 23:00:00,75.6,75,80,42.6,2
2019/11/01, 23:15:00,75.6,75,80,43.2,2
2019/11/01, 23:30:00,75.7,75,80,43.1,2
2019/11/01, 23:45:00,75.6,75,80,43,2
2019/11/02, 00:00:00,75.6,75,80,43.2,2
2019/11/02, 00:15:00,75.6,75,80,43.3,2
2019/11/02, 00:30:00,75.6,75,80,43.3,2
2019/11/02, 00:45:00,75.9,75,80,43,2
2019/11/02, 01:00:00,75,75,80,43.1,2
2019/11/02, 01:15:00,74.4,75,80,43.4,2
2019/11/02, 01:30:00,74,75,80,43.5,2
2019/11/02, 01:45:00,75.3,75,80,43.6,2
2019/11/02, 02:00:00,75.1,75,80,43.8,2
2019/11/02, 02:15:00,75,75,80,44,2
2019/11/02, 02:30:00,74.8,75,80,44,2
2019/11/02, 02:45:00,74.7,75,80,44,2
2019/11/02, 03:00:00,75.9,75,80,43.8,2
2019/11/02, 03:15:00,75.6,75,80,44,2
2019/11/02, 03:30:00,75.4,75,80,44.1,2
2019/11/02, 03:45:00,75.2,75,80,44.2,2
2019/11/02, 04:00:00,75.1,75,80,44.4,2
2019/11/02, 04:15:00,75,75,80,44.4,2
2019/11/02, 04:30:00,75,75,80,44.7,2
2019/11/02, 04:45:00,75,75,80,44.8,2
2019/11/02, 05:00:00,74.9,75,80,44.5,2
2019/11/02, 05:15:00,75.6,75,80,43.8,2
2019/11/02, 05:30:00,75.6,75,80,43.1,2
2019/11/02, 05:45:00,75.5,75,80,42.8,2
2019/11/02, 06:00:00,75.6,75,80,42.2,2
2019/11/02, 06:15:00,75.4,75,80,41.6,2
2019/11/02, 06:30:00,76,75,80,41.6,2
2019/11/02, 06:45:00,75.4,75,80,42,2
2019/11/02, 07:00:00,76.5,75,80,42,2
2019/11/02, 07:15:00,78,75,80,42,2
2019/11/02, 07:30:00,77.9,75,80,41.9,2
2019/11/02, 07:45:00,77.4,75,80,42.2,2
2019/11/02, 08:00:00,77.6,75,80,42.4,2
2019/11/02, 08:15:00,76.6,75,80,42.1,2
2019/11/02, 08:30:00,76.3,75,80,42.1,2
2019/11/02, 08:45:00,76.1,75,80,42.2,2
2019/11/02, 09:00:00,75.8,75,80,42.2,2
2019/11/02, 09:15:00,75.5,75,80,42.3,2
2019/11/02, 09:30:00,75.5,75,80,42.5,2
2019/11/02, 09:45:00,76,75,80,42.4,2
2019/11/02, 10:00:00,76.4,75,80,43,2
2019/11/02, 10:15:00,76.9,75,80,43.3,2
2019/11/02, 10:30:00,77.6,75,80,44.3,2
2019/11/02, 10:45:00,79.4,75,80,44.7,2
2019/11/02, 11:00:00,80.7,75,80,45.1,2
2019/11/02, 11:15:00,81.4,75,80,45,2
2019/11/02, 11:30:00,83.5,75,80,45.6,2
2019/11/02, 11:45:00,83.5,75,80,46.3,2
2019/11/02, 12:00:00,81.8,75,80,46.9,2
2019/11/02, 12:15:00,80.8,75,80,47.5,2
2019/11/02, 12:30:00,80.1,75,80,48.3,2
2019/11/02, 12:45:00,81.5,75,80,49.2,2
2019/11/02, 13:00:00,82,75,80,49.8,2
2019/11/02, 13:15:00,82,75,80,50.6,2
2019/11/02, 13:30:00,79,75,80,49.7,2
2019/11/02, 13:45:00,79,75,80,49.4,2
2019/11/02, 14:00:00,82,75,80,50.3,2
2019/11/02, 14:15:00,80.3,75,80,50.3,2
2019/11/02, 14:30:00,80.2,75,80,50.6,2
2019/11/02, 14:45:00,79,75,80,50.2,2
2019/11/02, 15:00:00,79.9,75,80,50.7,2
2019/11/02, 15:15:00,77.8,75,80,49.9,2
2019/11/02, 15:30:00,78.3,75,80,49.9,2
2019/11/02, 15:45:00,79,75,80,49.9,2
2019/11/02, 16:00:00,77.9,75,80,49.5,2
2019/11/02, 16:15:00,79,75,80,49.7,2
2019/11/02, 16:30:00,79.6,75,80,49.6,2
2019/11/02, 16:45:00,79.9,75,80,49.3,2
2019/11/02, 17:00:00,80.1,75,80,49.5,2
2019/11/02, 17:15:00,80.1,75,80,49.7,2
2019/11/02, 17:30:00,79.7,75,80,49.1,2
2019/11/02, 17:45:00,78.9,75,80,48.4,2
2019/11/02, 18:00:00,78.2,75,80,48.1,2
2019/11/02, 18:15:00,77.6,75,80,47.8,2
2019/11/02, 18:30:00,77.2,75,80,47.8,2
2019/11/02, 18:45:00,76.9,75,80,47.6,2
2019/11/02, 19:00:00,76.6,75,80,47.2,2
2019/11/02, 19:15:00,76.3,75,80,46.9,2
2019/11/02, 19:30:00,77.3,75,80,46.6,2
2019/11/02, 19:45:00,76.9,75,80,46.5,2
2019/11/02, 20:00:00,76.7,75,80,46.5,2
2019/11/02, 20:15:00,76.5,75,80,46.1,2
2019/11/02, 20:30:00,77.1,75,80,45.4,2
2019/11/02, 20:45:00,76.9,75,80,44.6,2
2019/11/02, 21:00:00,77,75,80,44,2
2019/11/02, 21:15:00,76.9,75,80,43.5,2
2019/11/02, 21:30:00,77.2,75,80,43.6,2
2019/11/02, 21:45:00,76.8,75,80,43.7,2
2019/11/02, 22:00:00,76.6,75,80,43.5,2
2019/11/02, 22:15:00,76.8,75,80,43.1,2
2019/11/02, 22:30:00,77,75,80,41.9,2
2019/11/02, 22:45:00,76.8,75,80,41.2,2
2019/11/02, 23:00:00,77,75,80,40.8,2
2019/11/02, 23:15:00,77,75,80,40.9,2
2019/11/02, 23:30:00,76.8,75,80,40.9,2
2019/11/02, 23:45:00,77.1,75,80,40.6,2
2019/11/03, 00:00:00,76.9,75,80,40.7,2
2019/11/02, 00:15:00,75.6,75,80,43.3,2
2019/11/02, 00:30:00,75.6,75,80,43.3,2
2019/11/02, 00:45:00,75.9,75,80,43,2
2019/11/02, 01:00:00,75,75,80,43.1,2
2019/11/02, 01:15:00,74.4,75,80,43.4,2
2019/11/02, 01:30:00,74,75,80,43.5,2
2019/11/02, 01:45:00,75.3,75,80,43.6,2
2019/11/02, 02:00:00,75.1,75,80,43.8,2
2019/11/02, 02:15:00,75,75,80,44,2
2019/11/02, 02:30:00,74.8,75,80,44,2
2019/11/02, 02:45:00,74.7,75,80,44,2
2019/11/02, 03:00:00,75.9,75,80,43.8,2
2019/11/02, 03:15:00,75.6,75,80,44,2
2019/11/02, 03:30:00,75.4,75,80,44.1,2
2019/11/02, 03:45:00,75.2,75,80,44.2,2
2019/11/02, 04:00:00,75.1,75,80,44.4,2
2019/11/02, 04:15:00,75,75,80,44.4,2
2019/11/02, 04:30:00,75,75,80,44.7,2
2019/11/02, 04:45:00,75,75,80,44.8,2
2019/11/02, 05:00:00,74.9,75,80,44.5,2
2019/11/02, 05:15:00,75.6,75,80,43.8,2
2019/11/02, 05:30:00,75.6,75,80,43.1,2
2019/11/02, 05:45:00,75.5,75,80,42.8,2
2019/11/02, 06:00:00,75.6,75,80,42.2,2
2019/11/02, 06:15:00,75.4,75,80,41.6,2
2019/11/02, 06:30:00,76,75,80,41.6,2
2019/11/02, 06:45:00,75.4,75,80,42,2
2019/11/02, 07:00:00,76.5,75,80,42,2
2019/11/02, 07:15:00,78,75,80,42,2
2019/11/02, 07:30:00,77.9,75,80,41.9,2
2019/11/02, 07:45:00,77.4,75,80,42.2,2
2019/11/02, 08:00:00,77.6,75,80,42.4,2
2019/11/02, 08:15:00,76.6,75,80,42.1,2
2019/11/02, 08:30:00,76.3,75,80,42.1,2
2019/11/02, 08:45:00,76.1,75,80,42.2,2
2019/11/02, 09:00:00,75.8,75,80,42.2,2
2019/11/02, 09:15:00,75.5,75,80,42.3,2
2019/11/02, 09:30:00,75.5,75,80,42.5,2
2019/11/02, 09:45:00,76,75,80,42.4,2
2019/11/02, 10:00:00,76.4,75,80,43,2
2019/11/02, 10:15:00,76.9,75,80,43.3,2
2019/11/02, 10:30:00,77.6,75,80,44.3,2
2019/11/02, 10:45:00,79.4,75,80,44.7,2
2019/11/02, 11:00:00,80.7,75,80,45.1,2
2019/11/02, 11:15:00,81.4,75,80,45,2
2019/11/02, 11:30:00,83.5,75,80,45.6,2
2019/11/02, 11:45:00,83.5,75,80,46.3,2
2019/11/02, 12:00:00,81.8,75,80,46.9,2
2019/11/02, 12:15:00,80.8,75,80,47.5,2
2019/11/02, 12:30:00,80.1,75,80,48.3,2
2019/11/02, 12:45:00,81.5,75,80,49.2,2
2019/11/02, 13:00:00,82,75,80,49.8,2
2019/11/02, 13:15:00,82,75,80,50.6,2
2019/11/02, 13:30:00,79,75,80,49.7,2
2019/11/02, 13:45:00,79,75,80,49.4,2
2019/11/02, 14:00:00,82,75,80,50.3,2
2019/11/02, 14:15:00,80.3,75,80,50.3,2
2019/11/02, 14:30:00,80.2,75,80,50.6,2
2019/11/02, 14:45:00,79,75,80,50.2,2
2019/11/02, 15:00:00,79.9,75,80,50.7,2
2019/11/02, 15:15:00,77.8,75,80,49.9,2
2019/11/02, 15:30:00,78.3,75,80,49.9,2
2019/11/02, 15:45:00,79,75,80,49.9,2
2019/11/02, 16:00:00,77.9,75,80,49.5,2
2019/11/02, 16:15:00,79,75,80,49.7,2
2019/11/02, 16:30:00,79.6,75,80,49.6,2
2019/11/02, 16:45:00,79.9,75,80,49.3,2
2019/11/02, 17:00:00,80.1,75,80,49.5,2
2019/11/02, 17:15:00,80.1,75,80,49.7,2
2019/11/02, 17:30:00,79.7,75,80,49.1,2
2019/11/02, 17:45:00,78.9,75,80,48.4,2
2019/11/02, 18:00:00,78.2,75,80,48.1,2
2019/11/02, 18:15:00,77.6,75,80,47.8,2
2019/11/02, 18:30:00,77.2,75,80,47.8,2
2019/11/02, 18:45:00,76.9,75,80,47.6,2
2019/11/02, 19:00:00,76.6,75,80,47.2,2
2019/11/02, 19:15:00,76.3,75,80,46.9,2
2019/11/02, 19:30:00,77.3,75,80,46.6,2
2019/11/02, 19:45:00,76.9,75,80,46.5,2
2019/11/02, 20:00:00,76.7,75,80,46.5,2
2019/11/02, 20:15:00,76.5,75,80,46.1,2
2019/11/02, 20:30:00,77.1,75,80,45.4,2
2019/11/02, 20:45:00,76.9,75,80,44.6,2
2019/11/02, 21:00:00,77,75,80,44,2
2019/11/02, 21:15:00,76.9,75,80,43.5,2
2019/11/02, 21:30:00,77.2,75,80,43.6,2
2019/11/02, 21:45:00,76.8,75,80,43.7,2
2019/11/02, 22:00:00,76.6,75,80,43.5,2
2019/11/02, 22:15:00,76.8,75,80,43.1,2
2019/11/02, 22:30:00,77,75,80,41.9,2
2019/11/02, 22:45:00,76.8,75,80,41.2,2
2019/11/02, 23:00:00,77,75,80,40.8,2
2019/11/02, 23:15:00,77,75,80,40.9,2
2019/11/02, 23:30:00,76.8,75,80,40.9,2
2019/11/02, 23:45:00,77.1,75,80,40.6,2
2019/11/03, 00:00:00,76.9,75,80,40.7,2
2019/11/03, 00:15:00,77.1,75,80,40.2,2
2019/11/03, 00:30:00,77.1,75,80,40.2,2
2019/11/03, 00:45:00,76.7,75,80,39.7,2
2019/11/03, 01:00:00,75.7,75,80,38.9,2
2019/11/03, 01:15:00,74.9,75,80,38,2
2019/11/03, 01:30:00,75.7,75,80,37.9,2
2019/11/03, 01:45:00,74.9,75,80,38,2
2019/11/03, 02:00:00,75.9,75,80,37.9,2
2019/11/03, 02:15:00,75.1,75,80,38.2,2
2019/11/03, 02:30:00,75.7,75,80,38.3,2
2019/11/03, 02:45:00,75.1,75,80,38,2
2019/11/03, 03:00:00,75.9,75,80,37.9,2
2019/11/03, 03:15:00,75.2,75,80,37.5,2
2019/11/03, 03:30:00,75.8,75,80,37.4,2
2019/11/03, 03:45:00,75.9,75,80,37,2
2019/11/03, 04:00:00,75.7,75,80,36.7,2
2019/11/03, 04:15:00,75.7,75,80,36.2,2
2019/11/03, 04:30:00,76,75,80,36.2,2
2019/11/03, 04:45:00,75.7,75,80,36.5,2
2019/11/03, 05:00:00,75.6,75,80,36.6,2
2019/11/03, 05:15:00,76,75,80,36.5,2
2019/11/03, 05:30:00,75.7,75,80,36.2,2
2019/11/03, 05:45:00,75.7,75,80,35.8,2
2019/11/03, 06:00:00,76,75,80,35.9,2
2019/11/03, 06:15:00,77.7,75,80,35.7,2
2019/11/03, 06:30:00,77.3,75,80,35.5,2
2019/11/03, 06:45:00,77.2,75,80,35.5,2
2019/11/03, 07:00:00,77.3,75,80,36.3,2
2019/11/03, 07:15:00,77,75,80,37.5,2
2019/11/03, 07:30:00,77.1,75,80,38.2,2
2019/11/03, 07:45:00,77.1,75,80,38.8,2
2019/11/03, 08:00:00,77.4,75,80,39.1,2
2019/11/03, 08:15:00,78.1,75,80,39.6,2
2019/11/03, 08:30:00,79.3,75,80,40.6,2
2019/11/03, 08:45:00,80.9,75,80,42.1,2
2019/11/03, 09:00:00,79.9,75,80,44,2
2019/11/03, 09:15:00,79.5,75,80,45.6,2
2019/11/03, 09:30:00,80.1,75,80,46.5,2
2019/11/03, 09:45:00,80,75,80,47.3,2
2019/11/03, 10:00:00,80.3,75,80,48.2,2
2019/11/03, 10:15:00,80.5,75,80,49,2
2019/11/03, 10:30:00,81.3,75,80,49.7,2
2019/11/03, 10:45:00,83.6,75,80,50.5,2
2019/11/03, 11:00:00,82.5,75,80,51,2
2019/11/03, 11:15:00,80.7,75,80,51.1,2
2019/11/03, 11:30:00,80.2,75,80,51.6,2
2019/11/03, 11:45:00,80.7,75,80,52.2,2
2019/11/03, 12:00:00,80.7,75,80,53,2
2019/11/03, 12:15:00,80.6,75,80,53.5,2
2019/11/03, 12:30:00,80.7,75,80,53.8,2
2019/11/03, 12:45:00,80.6,75,80,54.2,2
2019/11/03, 13:00:00,80.4,75,80,54.8,2
2019/11/03, 13:15:00,80,75,80,55,2
2019/11/03, 13:30:00,79.4,75,80,55.1,2
2019/11/03, 13:45:00,79.7,75,80,55.3,2
2019/11/03, 14:00:00,79.8,75,80,55.5,2
2019/11/03, 14:15:00,79.6,75,80,55.7,2
2019/11/03, 14:30:00,79,75,80,55.5,2
2019/11/03, 14:45:00,78.9,75,80,55.1,2
2019/11/03, 15:00:00,79.7,75,80,55.2,2
2019/11/03, 15:15:00,80,75,80,55.4,2
2019/11/03, 15:30:00,79.6,75,80,55.3,2
2019/11/03, 15:45:00,79.2,75,80,55.2,2
2019/11/03, 16:00:00,79.3,75,80,54.6,2
2019/11/03, 16:15:00,78.1,75,80,53.9,2
2019/11/03, 16:30:00,77.3,75,80,53.2,2
2019/11/03, 16:45:00,77.2,75,80,53,2
2019/11/03, 17:00:00,77.1,75,80,52.6,2
2019/11/03, 17:15:00,76.8,75,80,52.6,2
2019/11/03, 17:30:00,76.7,75,80,52.6,2
2019/11/03, 17:45:00,76.4,75,80,52.4,2
2019/11/03, 18:00:00,76.2,75,80,52.3,2
2019/11/03, 18:15:00,76.2,75,80,52.3,2
2019/11/03, 18:30:00,76.2,75,80,52.2,2
2019/11/03, 18:45:00,76.2,75,80,52.2,2
2019/11/03, 19:00:00,76.2,75,80,52.1,2
2019/11/03, 19:15:00,76.2,75,80,51.9,2
2019/11/03, 19:30:00,76.2,75,80,51.8,2
2019/11/03, 19:45:00,76.2,75,80,51.7,2
2019/11/03, 20:00:00,76.1,75,80,51.3,2
2019/11/03, 20:15:00,75.9,75,80,50.9,2
2019/11/03, 20:30:00,75.8,75,80,50.4,2
2019/11/03, 20:45:00,75.4,75,80,50,2
2019/11/03, 21:00:00,75.1,75,80,49.6,2
2019/11/03, 21:15:00,74.8,75,80,49.3,2
2019/11/03, 21:30:00,75.6,75,80,49.2,2
2019/11/03, 21:45:00,75.1,75,80,48.8,2
2019/11/03, 22:00:00,75.5,75,80,48.7,2
2019/11/03, 22:15:00,75.7,75,80,48.5,2
2019/11/03, 22:30:00,75.4,75,80,48.7,2
2019/11/03, 22:45:00,75.8,75,80,48.6,2
2019/11/03, 23:00:00,75.5,75,80,48.4,2
2019/11/03, 23:15:00,75.8,75,80,48.2,2
2019/11/03, 23:30:00,75.7,75,80,48.3,2
2019/11/03, 23:45:00,75.5,75,80,48.2,2
2019/11/04, 00:00:00,74.9,75,80,48.3,2
2019/11/04, 00:15:00,74.5,75,80,48.2,2
2019/11/04, 00:30:00,74.3,75,80,48.1,2
2019/11/04, 00:45:00,75.3,75,80,47.9,2
2019/11/04, 01:00:00,74.9,75,80,47.9,2
2019/11/04, 01:15:00,75.3,75,80,48.1,2
2019/11/04, 01:30:00,74.9,75,80,48.1,2
2019/11/04, 01:45:00,75.4,75,80,47.8,2
2019/11/04, 02:00:00,75.5,75,80,47.4,2
2019/11/04, 02:15:00,75.8,75,80,46.7,2
2019/11/04, 02:30:00,75.3,75,80,46,2
2019/11/04, 02:45:00,75.9,75,80,45.4,2
2019/11/04, 03:00:00,75.6,75,80,45.4,2
2019/11/04, 03:15:00,75.4,75,80,45.4,2
2019/11/04, 03:30:00,75.8,75,80,45.6,2
2019/11/04, 03:45:00,75.8,75,80,45.7,2
2019/11/04, 04:00:00,75.3,75,80,46.3,2
2019/11/04, 04:15:00,75.6,75,80,46.4,2
2019/11/04, 04:30:00,75.7,75,80,46.3,2
2019/11/04, 04:45:00,75.6,75,80,45.8,2
2019/11/04, 05:00:00,75.4,75,80,45.4,2
2019/11/04, 05:15:00,76,75,80,45,2
2019/11/04, 05:30:00,75.8,75,80,44.7,2
2019/11/04, 05:45:00,75.7,75,80,44.4,2
2019/11/04, 06:00:00,76.2,75,80,44.4,2
2019/11/04, 06:15:00,77.6,75,80,44.3,2
2019/11/04, 06:30:00,77.2,75,80,44.6,2
2019/11/04, 06:45:00,77.1,75,80,45,2
2019/11/04, 07:00:00,76.7,75,80,45,2
2019/11/04, 07:15:00,76.3,75,80,45.5,2
2019/11/04, 07:30:00,76.1,75,80,46.3,2
2019/11/04, 07:45:00,76,75,80,47,2
2019/11/04, 08:00:00,76.2,75,80,47.9,2
2019/11/04, 08:15:00,76.5,75,80,48.5,2
2019/11/04, 08:30:00,77.3,75,80,49.3,2
2019/11/04, 08:45:00,78.3,75,80,50.5,2
2019/11/04, 09:00:00,79.3,75,80,51.4,2
2019/11/04, 09:15:00,80,75,80,51.9,2
2019/11/04, 09:30:00,80.4,75,80,52.3,2
2019/11/04, 09:45:00,80.5,75,80,52.7,2
2019/11/04, 10:00:00,81.1,75,80,53.5,2
2019/11/04, 10:15:00,81.7,75,80,53.8,2
2019/11/04, 10:30:00,81.1,75,80,54.1,2
2019/11/04, 10:45:00,80.2,75,80,54.6,2
2019/11/04, 11:00:00,79.9,75,80,55.1,2
2019/11/04, 11:15:00,80,75,80,55.4,2
2019/11/04, 11:30:00,79.9,75,80,55.6,2
2019/11/04, 11:45:00,80.1,75,80,55.9,2
2019/11/04, 12:00:00,79.9,75,80,56.2,2
2019/11/04, 12:15:00,80.3,75,80,56.6,2
2019/11/04, 12:30:00,80,75,80,56.6,2
2019/11/04, 12:45:00,79.5,75,80,56.1,2
2019/11/04, 13:00:00,79.8,75,80,56,2
2019/11/04, 13:15:00,79.6,75,80,55.8,2
2019/11/04, 13:30:00,79.8,75,80,56,2
2019/11/04, 13:45:00,80.2,75,80,55.9,2
2019/11/04, 14:00:00,80.3,75,80,55.9,2
2019/11/04, 14:15:00,80.2,75,80,55.9,2
2019/11/04, 14:30:00,80.1,75,80,56,2
2019/11/04, 14:45:00,80.2,75,80,55.7,2
2019/11/04, 15:00:00,79.9,75,80,55.9,2
2019/11/04, 15:15:00,79.8,75,80,56.2,2
2019/11/04, 15:30:00,79.8,75,80,56.3,2
2019/11/04, 15:45:00,79.9,75,80,56.2,2
2019/11/04, 16:00:00,79.6,75,80,55.9,2
2019/11/04, 16:15:00,79,75,80,55.7,2
2019/11/04, 16:30:00,78.5,75,80,55.5,2
2019/11/04, 16:45:00,78.6,75,80,55.3,2
2019/11/04, 17:00:00,78.6,75,80,54.9,2
2019/11/04, 17:15:00,78.5,75,80,54.8,2
2019/11/04, 17:30:00,78.5,75,80,54.6,2
2019/11/04, 17:45:00,78.4,75,80,54.2,2
2019/11/04, 18:00:00,78.1,75,80,53.9,2
2019/11/04, 18:15:00,77.8,75,80,53.6,2
2019/11/04, 18:30:00,77.7,75,80,53.4,2
2019/11/04, 18:45:00,77.7,75,80,53.2,2
2019/11/04, 19:00:00,77.7,75,80,52.9,2
2019/11/04, 19:15:00,77.7,75,80,52.8,2
2019/11/04, 19:30:00,77.6,75,80,52.9,2
2019/11/04, 19:45:00,77.4,75,80,52.6,2
2019/11/04, 20:00:00,77.3,75,80,52.7,2
2019/11/04, 20:15:00,76.7,75,80,51.4,2
2019/11/04, 20:30:00,76.1,75,80,50.1,2
2019/11/04, 20:45:00,77,75,80,49.5,2
2019/11/04, 21:00:00,76.6,75,80,49.2,2
2019/11/04, 21:15:00,76.2,75,80,49.2,2
2019/11/04, 21:30:00,75.9,75,80,49.2,2
2019/11/04, 21:45:00,76.9,75,80,48.7,2
2019/11/04, 22:00:00,76.6,75,80,48.5,2
2019/11/04, 22:15:00,76,75,80,48.3,2
2019/11/04, 22:30:00,77,75,80,48.5,2
2019/11/04, 22:45:00,76.5,75,80,48.3,2
2019/11/04, 23:00:00,76.3,75,80,48,2
2019/11/04, 23:15:00,76.5,75,80,47.8,2
2019/11/04, 23:30:00,76.2,75,80,47.6,2
2019/11/04, 23:45:00,75.7,75,80,47.6,2
2019/11/05, 00:00:00,75.4,75,80,47.6,2
2019/11/05, 00:15:00,75.3,75,80,47.6,2
2019/11/05, 00:30:00,75.3,75,80,47.8,2
2019/11/05, 00:45:00,75.2,75,80,48.1,2
2019/11/05, 01:00:00,75.2,75,80,48.1,2
2019/11/05, 01:15:00,75.1,75,80,48,2
2019/11/05, 01:30:00,75,75,80,48.1,2
2019/11/05, 01:45:00,75.1,75,80,48.1,2
2019/11/05, 02:00:00,75.1,75,80,48,2
2019/11/05, 02:15:00,75.1,75,80,48.2,2
2019/11/05, 02:30:00,75.1,75,80,48.1,2
2019/11/05, 02:45:00,75.1,75,80,47.9,2
2019/11/05, 03:00:00,75,75,80,47.4,2
2019/11/05, 03:15:00,74.9,75,80,47,2
2019/11/05, 03:30:00,74.9,75,80,47.1,2
2019/11/05, 03:45:00,74.9,75,80,47.1,2
2019/11/05, 04:00:00,75,75,80,47.3,2
2019/11/05, 04:15:00,75.1,75,80,47.1,2
2019/11/05, 04:30:00,75.1,75,80,47,2
2019/11/05, 04:45:00,75.2,75,80,46.9,2
2019/11/05, 05:00:00,75.1,75,80,46.1,2
2019/11/05, 05:15:00,75,75,80,45.8,2
2019/11/05, 05:30:00,74.7,75,80,44.8,2
2019/11/05, 05:45:00,75.3,75,80,44.1,2
2019/11/05, 06:00:00,75.2,75,80,43.3,2
2019/11/05, 06:15:00,76.8,75,80,42.5,2
2019/11/05, 06:30:00,77.3,75,80,42.1,2
2019/11/05, 06:45:00,76.9,75,80,42.7,2
2019/11/05, 07:00:00,77.2,75,80,42.5,2
2019/11/05, 07:15:00,76.3,75,80,42.7,2
2019/11/05, 07:30:00,76.2,75,80,43.3,2
2019/11/05, 07:45:00,77.3,75,80,43.9,2
2019/11/05, 08:00:00,78.5,75,80,44.3,2
2019/11/05, 08:15:00,79.9,75,80,45,2
2019/11/05, 08:30:00,81.2,75,80,45.7,2
2019/11/05, 08:45:00,82.1,75,80,46.6,2
2019/11/05, 09:00:00,82.6,75,80,47,2
2019/11/05, 09:15:00,81.6,75,80,47.4,2
2019/11/05, 09:30:00,81.9,75,80,48,2
2019/11/05, 09:45:00,81.2,75,80,47.9,2
2019/11/05, 10:00:00,80.7,75,80,48.1,2
2019/11/05, 10:15:00,80.7,75,80,48.5,2
2019/11/05, 10:30:00,79.6,75,80,48.7,2
2019/11/05, 10:45:00,79.6,75,80,49,2
2019/11/05, 11:00:00,79.4,75,80,49,2
2019/11/05, 11:15:00,79.3,75,80,49.1,2
2019/11/05, 11:30:00,79.1,75,80,49.2,2
2019/11/05, 11:45:00,79.8,75,80,49.4,2
2019/11/05, 12:00:00,82.2,75,80,50.2,2
2019/11/05, 12:15:00,82.7,75,80,50.5,2
2019/11/05, 12:30:00,82.4,75,80,50.5,2
2019/11/05, 12:45:00,82,75,80,50.5,2
2019/11/05, 13:00:00,81.7,75,80,50.6,2
2019/11/05, 13:15:00,81,75,80,50.7,2
2019/11/05, 13:30:00,80.1,75,80,50.6,2
2019/11/05, 13:45:00,79.5,75,80,50.6,2
2019/11/05, 14:00:00,79.5,75,80,50.7,2
2019/11/05, 14:15:00,79.8,75,80,50.9,2
2019/11/05, 14:30:00,79.5,75,80,50.8,2
2019/11/05, 14:45:00,79.4,75,80,51.1,2
2019/11/05, 15:00:00,79.6,75,80,51,2
2019/11/05, 15:15:00,79.3,75,80,50.8,2
2019/11/05, 15:30:00,78.5,75,80,50.6,2
2019/11/05, 15:45:00,78.9,75,80,50.3,2
2019/11/05, 16:00:00,78.2,75,80,50.1,2
2019/11/05, 16:15:00,77.4,75,80,49.7,2
2019/11/05, 16:30:00,76.6,75,80,49.3,2
2019/11/05, 16:45:00,75.6,75,80,49,2
2019/11/05, 17:00:00,75.3,75,80,48.7,2
2019/11/05, 17:15:00,75.7,75,80,48.5,2
2019/11/05, 17:30:00,75.6,75,80,48.3,2
2019/11/05, 17:45:00,75.7,75,80,47.9,2
2019/11/05, 18:00:00,75.7,75,80,47.3,2
2019/11/05, 18:15:00,75.7,75,80,47,2
2019/11/05, 18:30:00,75.6,75,80,47,2
2019/11/05, 18:45:00,75.5,75,80,47.3,2
2019/11/05, 19:00:00,75.4,75,80,47,2
2019/11/05, 19:15:00,75.5,75,80,46.9,2
2019/11/05, 19:30:00,75.5,75,80,46.7,2
2019/11/05, 19:45:00,75.2,75,80,46.1,2
2019/11/05, 20:00:00,75.2,75,80,46,2
2019/11/05, 20:15:00,75,75,80,44.8,2
2019/11/05, 20:30:00,75,75,80,43.8,2
2019/11/05, 20:45:00,74.9,75,80,43.1,2
2019/11/05, 21:00:00,75.1,75,80,42.6,2
2019/11/05, 21:15:00,75.1,75,80,43,2
2019/11/05, 21:30:00,75,75,80,42.4,2
2019/11/05, 21:45:00,75.1,75,80,42.4,2
2019/11/05, 22:00:00,75,75,80,42.1,2
2019/11/05, 22:15:00,75.2,75,80,41.5,2
2019/11/05, 22:30:00,75.3,75,80,41.1,2
2019/11/05, 22:45:00,75.5,75,80,40.5,2
2019/11/05, 23:00:00,75.3,75,80,40.5,2
2019/11/05, 23:15:00,75.1,75,80,40.4,2
2019/11/05, 23:30:00,75.3,75,80,40.6,2
2019/11/05, 23:45:00,75.1,75,80,41.3,2
2019/11/06, 00:00:00,74,75,80,41.8,2
2019/11/06, 00:15:00,74.1,75,80,42.3,2
2019/11/06, 00:30:00,74.6,75,80,43,2
2019/11/06, 00:45:00,75.1,75,80,43.1,2
2019/11/06, 01:00:00,75.4,75,80,43.2,2
2019/11/06, 01:15:00,75.1,75,80,43.2,2
2019/11/06, 01:30:00,75.5,75,80,43.2,2
2019/11/06, 01:45:00,75.2,75,80,43.6,2
2019/11/06, 02:00:00,75.3,75,80,44,2
2019/11/06, 02:15:00,75.3,75,80,44.2,2
2019/11/06, 02:30:00,75.4,75,80,44.4,2
2019/11/06, 02:45:00,75.4,75,80,44.9,2
2019/11/06, 03:00:00,75.2,75,80,45.1,2
2019/11/06, 03:15:00,75.4,75,80,44.4,2
2019/11/06, 03:30:00,75.3,75,80,44.2,2
2019/11/06, 03:45:00,75.3,75,80,44.1,2
2019/11/06, 04:00:00,75.3,75,80,43.7,2
2019/11/06, 04:15:00,75.3,75,80,44.2,2
2019/11/06, 04:30:00,75.3,75,80,44.1,2
2019/11/06, 04:45:00,75.5,75,80,44.2,2
2019/11/06, 05:00:00,75.4,75,80,44.2,2
2019/11/06, 05:15:00,75.5,75,80,44.5,2
2019/11/06, 05:30:00,75.3,75,80,44.3,2
2019/11/06, 05:45:00,75.3,75,80,44.1,2
2019/11/06, 06:00:00,75.3,75,80,44.5,2
2019/11/06, 06:15:00,76.2,75,80,44.4,2
2019/11/06, 06:30:00,75.8,75,80,44.3,2
2019/11/06, 06:45:00,75.1,75,80,43.9,2
2019/11/06, 07:00:00,75.2,75,80,44.2,2
2019/11/06, 07:15:00,75.5,75,80,44.2,2
2019/11/06, 07:30:00,74.6,75,80,44.2,2
2019/11/06, 07:45:00,74.4,75,80,44.4,2
2019/11/06, 08:00:00,74.9,75,80,44.8,2
2019/11/06, 08:15:00,75.7,75,80,44.9,2
2019/11/06, 08:30:00,77.1,75,80,45.2,2
2019/11/06, 08:45:00,78.8,75,80,46.3,2
2019/11/06, 09:00:00,80.1,75,80,47.5,2
2019/11/06, 09:15:00,80.5,75,80,48.3,2
2019/11/06, 09:30:00,80.8,75,80,48.9,2
2019/11/06, 09:45:00,80.6,75,80,49.4,2
2019/11/06, 10:00:00,80.8,75,80,49.9,2
2019/11/06, 10:15:00,82.6,75,80,51.2,2
2019/11/06, 10:30:00,82.1,75,80,51.9,2
2019/11/06, 10:45:00,80.3,75,80,51.6,2
2019/11/06, 11:00:00,78.4,75,80,51.9,2
2019/11/06, 11:15:00,78.2,75,80,52.3,2
2019/11/06, 11:30:00,79.9,75,80,52.6,2
2019/11/06, 11:45:00,81.9,75,80,53,2
2019/11/06, 12:00:00,82,75,80,53.7,2
2019/11/06, 12:15:00,81,75,80,54.1,2
2019/11/06, 12:30:00,79.4,75,80,53.9,2
2019/11/06, 12:45:00,79.3,75,80,54.2,2
2019/11/06, 13:00:00,79.6,75,80,55,2
2019/11/06, 13:15:00,77.8,75,80,54.8,2
2019/11/06, 13:30:00,77.9,75,80,55,2
2019/11/06, 13:45:00,77.9,75,80,55,2
2019/11/06, 14:00:00,78.2,75,80,55.1,2
2019/11/06, 14:15:00,78,75,80,54.9,2
2019/11/06, 14:30:00,77.7,75,80,54.9,2
2019/11/06, 14:45:00,78.4,75,80,54.9,2
2019/11/06, 15:00:00,80,75,80,54.7,2
2019/11/06, 15:15:00,80.1,75,80,54.3,2
2019/11/06, 15:30:00,79.7,75,80,53.7,2
2019/11/06, 15:45:00,79,75,80,53.2,2
2019/11/06, 16:00:00,78.3,75,80,53,2
2019/11/06, 16:15:00,76.9,75,80,53,2
2019/11/06, 16:30:00,75.9,75,80,52.5,2
2019/11/06, 16:45:00,75.5,75,80,52.1,2
2019/11/06, 17:00:00,75.7,75,80,52.1,2
2019/11/06, 17:15:00,75.8,75,80,52,2
2019/11/06, 17:30:00,75.6,75,80,52.1,2
2019/11/06, 17:45:00,75.7,75,80,52,2
2019/11/06, 18:00:00,75.7,75,80,51.8,2
2019/11/06, 18:15:00,75.6,75,80,51.6,2
2019/11/06, 18:30:00,75.6,75,80,51.7,2
2019/11/06, 18:45:00,75.5,75,80,51.8,2
2019/11/06, 19:00:00,75.5,75,80,51.6,2
2019/11/06, 19:15:00,75.6,75,80,51.4,2
2019/11/06, 19:30:00,75.5,75,80,51.2,2
2019/11/06, 19:45:00,75.5,75,80,51.2,2
2019/11/06, 20:00:00,75.4,75,80,51.2,2
2019/11/06, 20:15:00,75.6,75,80,50.9,2
2019/11/06, 20:30:00,75.4,75,80,50.8,2
2019/11/06, 20:45:00,75.6,75,80,50.6,2
2019/11/06, 21:00:00,75.5,75,80,50.8,2
2019/11/06, 21:15:00,75.4,75,80,50.9,2
2019/11/06, 21:30:00,75.3,75,80,51,2
2019/11/06, 21:45:00,75.3,75,80,51.1,2
2019/11/06, 22:00:00,75.5,75,80,50.9,2
2019/11/06, 22:15:00,75.2,75,80,50.3,2
2019/11/06, 22:30:00,75.1,75,80,49.1,2
2019/11/06, 22:45:00,75.4,75,80,48.3,2
2019/11/06, 23:00:00,75.3,75,80,47.5,2
2019/11/06, 23:15:00,74.9,75,80,46.9,2
2019/11/06, 23:30:00,74.7,75,80,46.4,2
2019/11/06, 23:45:00,74.5,75,80,46.3,2
2019/11/07, 00:00:00,74.6,75,80,46,2
2019/11/07, 00:15:00,74.8,75,80,45.4,2
2019/11/07, 00:30:00,75.1,75,80,45.1,2
2019/11/07, 00:45:00,75.1,75,80,44.5,2
2019/11/07, 01:00:00,75.1,75,80,44,2
2019/11/07, 01:15:00,75,75,80,43.6,2
2019/11/07, 01:30:00,75,75,80,43.1,2
2019/11/07, 01:45:00,75.4,75,80,42.3,2
2019/11/07, 02:00:00,75.7,75,80,41.7,2
2019/11/07, 02:15:00,75.8,75,80,41.6,2
2019/11/07, 02:30:00,75.8,75,80,41.4,2
2019/11/07, 02:45:00,75.8,75,80,40.7,2
2019/11/07, 03:00:00,75.7,75,80,40.4,2
2019/11/07, 03:15:00,75.8,75,80,40.5,2
2019/11/07, 03:30:00,75.7,75,80,40.6,2
2019/11/07, 03:45:00,75.6,75,80,40.1,2
2019/11/07, 04:00:00,75.7,75,80,39.4,2
2019/11/07, 04:15:00,75.7,75,80,38.6,2
2019/11/07, 04:30:00,75.6,75,80,38.6,2
2019/11/07, 04:45:00,75.6,75,80,38,2
2019/11/07, 05:00:00,75.4,75,80,37.8,2
2019/11/07, 05:15:00,75.5,75,80,37.7,2
2019/11/07, 05:30:00,75.4,75,80,37.3,2
2019/11/07, 05:45:00,75.5,75,80,37.3,2
2019/11/07, 06:00:00,75.3,75,80,37.1,2
2019/11/07, 06:15:00,76.4,75,80,37.2,2
2019/11/07, 06:30:00,76.3,75,80,36.7,2
2019/11/07, 06:45:00,75.6,75,80,36.6,2
2019/11/07, 07:00:00,75.8,75,80,36.6,2
2019/11/07, 07:15:00,75.9,75,80,36.7,2
2019/11/07, 07:30:00,75.5,75,80,36.6,2
2019/11/07, 07:45:00,75.1,75,80,36.1,2
2019/11/07, 08:00:00,74.6,75,80,36.8,2
2019/11/07, 08:15:00,74.5,75,80,36.8,2
2019/11/07, 08:30:00,74.8,75,80,36.1,2
2019/11/07, 08:45:00,75.3,75,80,35.8,2
2019/11/07, 09:00:00,74.6,75,80,36.2,2
2019/11/07, 09:15:00,74.3,75,80,36.8,2
2019/11/07, 09:30:00,74.6,75,80,36.5,2
2019/11/07, 09:45:00,75.1,75,80,36.7,2
2019/11/07, 10:00:00,75.7,75,80,36.3,2
2019/11/07, 10:15:00,76,75,80,35.7,2
2019/11/07, 10:30:00,75.8,75,80,35.4,2
2019/11/07, 10:45:00,78,75,80,36.1,2
2019/11/07, 11:00:00,80.7,75,80,36.5,2
2019/11/07, 11:15:00,81.4,75,80,37.1,2
2019/11/07, 11:30:00,81.2,75,80,36.9,2
2019/11/07, 11:45:00,83.6,75,80,37.3,2
2019/11/07, 12:00:00,83.8,75,80,37.1,2
2019/11/07, 12:15:00,83.7,75,80,37.4,2
2019/11/07, 12:30:00,85.2,75,80,38.6,2
2019/11/07, 12:45:00,85.3,75,80,39.1,2
2019/11/07, 13:00:00,85.3,75,80,39,2
2019/11/07, 13:15:00,84.8,75,80,39.2,2
2019/11/07, 13:30:00,83.9,75,80,39.5,2
2019/11/07, 13:45:00,83.7,75,80,39.1,2
2019/11/07, 14:00:00,83.5,75,80,38.8,2
2019/11/07, 14:15:00,83.3,75,80,39,2
2019/11/07, 14:30:00,82.8,75,80,39.1,2
2019/11/07, 14:45:00,82,75,80,38.6,2
2019/11/07, 15:00:00,81,75,80,38.6,2
2019/11/07, 15:15:00,79.8,75,80,38.1,2
2019/11/07, 15:30:00,79.5,75,80,38,2
2019/11/07, 15:45:00,79.1,75,80,37.8,2
2019/11/07, 16:00:00,78,75,80,37.9,2
2019/11/07, 16:15:00,76.2,75,80,37.2,2
2019/11/07, 16:30:00,75.1,75,80,36.6,2
2019/11/07, 16:45:00,75.7,75,80,36.2,2
2019/11/07, 17:00:00,75.8,75,80,35.5,2
2019/11/07, 17:15:00,75.3,75,80,35.2,2
2019/11/07, 17:30:00,75,75,80,34.8,2
2019/11/07, 17:45:00,75.1,75,80,34.5,2
2019/11/07, 18:00:00,75,75,80,34.3,2
2019/11/07, 18:15:00,75,75,80,33.9,2
2019/11/07, 18:30:00,74.9,75,80,33.3,2
2019/11/07, 18:45:00,75.1,75,80,33.1,2
2019/11/07, 19:00:00,74.9,75,80,33,2
2019/11/07, 19:15:00,74.8,75,80,32.9,2
2019/11/07, 19:30:00,74.8,75,80,32.5,2
2019/11/07, 19:45:00,75,75,80,32.2,2
2019/11/07, 20:00:00,75,75,80,32.3,2
2019/11/07, 20:15:00,74.9,75,80,32.1,2
2019/11/07, 20:30:00,75.1,75,80,31.8,2
2019/11/07, 20:45:00,75,75,80,31.3,2
2019/11/07, 21:00:00,75,75,80,31.2,2
2019/11/07, 21:15:00,75,75,80,31,2
2019/11/07, 21:30:00,75,75,80,30.8,2
2019/11/07, 21:45:00,75,75,80,30.7,2
2019/11/07, 22:00:00,74.9,75,80,30.4,2
2019/11/07, 22:15:00,74.9,75,80,29.9,2
2019/11/07, 22:30:00,75,75,80,29.6,2
2019/11/07, 22:45:00,75.1,75,80,29.3,2
2019/11/07, 23:00:00,75,75,80,29.2,2
2019/11/07, 23:15:00,74.8,75,80,28.9,2
2019/11/07, 23:30:00,75,75,80,28.9,2
2019/11/07, 23:45:00,73.9,75,80,28.9,2
2019/11/08, 00:00:00,73.9,75,80,28.5,2
2019/11/08, 00:15:00,74.3,75,80,28.3,2
2019/11/08, 00:30:00,74.7,75,80,28,2
2019/11/08, 00:45:00,74.9,75,80,27.8,2
2019/11/08, 01:00:00,74.9,75,80,28.5,2
2019/11/08, 01:15:00,74.9,75,80,28.8,2
2019/11/08, 01:30:00,75.1,75,80,28.4,2
2019/11/08, 01:45:00,75.2,75,80,28.2,2
2019/11/08, 02:00:00,75.2,75,80,28,2
2019/11/08, 02:15:00,75.2,75,80,28.1,2
2019/11/08, 02:30:00,75.2,75,80,27.9,2
2019/11/08, 02:45:00,75.2,75,80,27.5,2
2019/11/08, 03:00:00,75.1,75,80,27,2
2019/11/08, 03:15:00,74.9,75,80,27.5,2
2019/11/08, 03:30:00,74.9,75,80,27.4,2
2019/11/08, 03:45:00,74.9,75,80,27.4,2
2019/11/08, 04:00:00,74.9,75,80,27.2,2
2019/11/08, 04:15:00,74.9,75,80,26.8,2
2019/11/08, 04:30:00,75,75,80,26.5,2
2019/11/08, 04:45:00,75,75,80,26.4,2
2019/11/08, 05:00:00,75.1,75,80,26.3,2
2019/11/08, 05:15:00,75,75,80,26.3,2
2019/11/08, 05:30:00,75,75,80,25.9,2
2019/11/08, 05:45:00,75,75,80,25.5,2
2019/11/08, 06:00:00,74.8,75,80,26,2
2019/11/08, 06:15:00,76,75,80,26.1,2
2019/11/08, 06:30:00,76.8,75,80,26.4,2
2019/11/08, 06:45:00,75.4,75,80,26.4,2
2019/11/08, 07:00:00,75.1,75,80,26.3,2
2019/11/08, 07:15:00,75.2,75,80,26.3,2
2019/11/08, 07:30:00,74.8,75,80,26.4,2
2019/11/08, 07:45:00,74,75,80,27.3,2
2019/11/08, 08:00:00,73.1,75,80,27.5,2
2019/11/08, 08:15:00,73.8,75,80,28.2,2
2019/11/08, 08:30:00,74.5,75,80,28.5,2
2019/11/08, 08:45:00,75,75,80,28.7,2
2019/11/08, 09:00:00,75.9,75,80,29.1,2
2019/11/08, 09:15:00,77.7,75,80,30.4,2
2019/11/08, 09:30:00,79.4,75,80,30.9,2
2019/11/08, 09:45:00,81,75,80,31.3,2
2019/11/08, 10:00:00,82.5,75,80,32.2,2
2019/11/08, 10:15:00,82.3,75,80,32.8,2
2019/11/08, 10:30:00,82.3,75,80,33.6,2
2019/11/08, 10:45:00,81.4,75,80,33.6,2
2019/11/08, 11:00:00,81.2,75,80,34.7,2
2019/11/08, 11:15:00,81.5,75,80,34.9,2
2019/11/08, 11:30:00,81,75,80,35.7,2
2019/11/08, 11:45:00,80.8,75,80,35.9,2
2019/11/08, 12:00:00,81.3,75,80,35.8,2
2019/11/08, 12:15:00,82.1,75,80,36.3,2
2019/11/08, 12:30:00,81.5,75,80,36.7,2
2019/11/08, 12:45:00,81,75,80,36.8,2
2019/11/08, 13:00:00,81.4,75,80,37.1,2
2019/11/08, 13:15:00,80.5,75,80,37.1,2
2019/11/08, 13:30:00,79.7,75,80,37.1,2
2019/11/08, 13:45:00,79.4,75,80,37.1,2
2019/11/08, 14:00:00,79.8,75,80,37,2
2019/11/08, 14:15:00,81.1,75,80,37.2,2
2019/11/08, 14:30:00,81.6,75,80,37.5,2
2019/11/08, 14:45:00,81,75,80,37.6,2
2019/11/08, 15:00:00,79.6,75,80,37.6,2
2019/11/08, 15:15:00,77.8,75,80,37.2,2
2019/11/08, 15:30:00,76.6,75,80,37.1,2
2019/11/08, 15:45:00,76,75,80,36.9,2
2019/11/08, 16:00:00,75.9,75,80,36.7,2
2019/11/08, 16:15:00,75,75,80,36.8,2
2019/11/08, 16:30:00,74.9,75,80,36.5,2
2019/11/08, 16:45:00,75.4,75,80,36.4,2
2019/11/08, 17:00:00,75.9,75,80,36,2
2019/11/08, 17:15:00,75.5,75,80,35.8,2
2019/11/08, 17:30:00,75.2,75,80,35.1,2
2019/11/08, 17:45:00,75,75,80,34.9,2
2019/11/08, 18:00:00,74.9,75,80,34.5,2
2019/11/08, 18:15:00,74.9,75,80,34.1,2
2019/11/08, 18:30:00,75,75,80,33.9,2
2019/11/08, 18:45:00,75.1,75,80,33.9,2
2019/11/08, 19:00:00,75.1,75,80,34,2
2019/11/08, 19:15:00,75,75,80,33.9,2
2019/11/08, 19:30:00,74.9,75,80,33,2
2019/11/08, 19:45:00,74.9,75,80,32.6,2
2019/11/08, 20:00:00,75,75,80,32.6,2
2019/11/08, 20:15:00,75.1,75,80,32.5,2
2019/11/08, 20:30:00,75.1,75,80,32.3,2
2019/11/08, 20:45:00,75,75,80,32.4,2
2019/11/08, 21:00:00,74.9,75,80,32.5,2
2019/11/08, 21:15:00,75,75,80,32.3,2
2019/11/08, 21:30:00,75.1,75,80,32.4,2
2019/11/08, 21:45:00,75.1,75,80,33,2
2019/11/08, 22:00:00,74.9,75,80,33.2,2
2019/11/08, 22:15:00,74.8,75,80,32.9,2
2019/11/08, 22:30:00,75,75,80,32.7,2
2019/11/08, 22:45:00,75.1,75,80,32.5,2
2019/11/08, 23:00:00,74.8,75,80,32.5,2
2019/11/08, 23:15:00,74.9,75,80,32.7,2
2019/11/08, 23:30:00,75.3,75,80,32.8,2
2019/11/08, 23:45:00,74.1,75,80,33.2,2
2019/11/09, 00:00:00,73.4,75,80,32.8,2
2019/11/09, 00:15:00,74.1,75,80,32.7,2
2019/11/09, 00:30:00,74.9,75,80,33,2
2019/11/09, 00:45:00,75.2,75,80,33.2,2
2019/11/09, 01:00:00,75.1,75,80,33.2,2
2019/11/09, 01:15:00,75,75,80,33,2
2019/11/09, 01:30:00,75,75,80,33.2,2
2019/11/09, 01:45:00,75,75,80,33.3,2
2019/11/09, 02:00:00,74.9,75,80,33.1,2
2019/11/09, 02:15:00,75,75,80,33.3,2
2019/11/09, 02:30:00,75.2,75,80,33.3,2
2019/11/09, 02:45:00,75,75,80,33.3,2
2019/11/09, 03:00:00,74.9,75,80,33.8,2
2019/11/09, 03:15:00,74.9,75,80,33.9,2
2019/11/09, 03:30:00,74.9,75,80,34.2,2
2019/11/09, 03:45:00,74.9,75,80,34.4,2
2019/11/09, 04:00:00,75.1,75,80,34.5,2
2019/11/09, 04:15:00,75,75,80,34.7,2
2019/11/09, 04:30:00,75.1,75,80,34.6,2
2019/11/09, 04:45:00,75.1,75,80,34.5,2
2019/11/09, 05:00:00,75.1,75,80,34.5,2
2019/11/09, 05:15:00,75,75,80,34.8,2
2019/11/09, 05:30:00,75,75,80,34.6,2
2019/11/09, 05:45:00,74.9,75,80,34.8,2
2019/11/09, 06:00:00,74.9,75,80,34.7,2
2019/11/09, 06:15:00,75.7,75,80,34.6,2
2019/11/09, 06:30:00,76.4,75,80,33.8,2
2019/11/09, 06:45:00,75.4,75,80,33.5,2
2019/11/09, 07:00:00,74.9,75,80,33.4,2
2019/11/09, 07:15:00,75.1,75,80,33.5,2
2019/11/09, 07:30:00,74.9,75,80,33.8,2
2019/11/09, 07:45:00,73.7,75,80,34.4,2
2019/11/09, 08:00:00,73.3,75,80,35,2
2019/11/09, 08:15:00,74.5,75,80,35.6,2
2019/11/09, 08:30:00,75.2,75,80,36.4,2
2019/11/09, 08:45:00,76.1,75,80,37.2,2
2019/11/09, 09:00:00,77.5,75,80,38.2,2
2019/11/09, 09:15:00,78.9,75,80,39,2
2019/11/09, 09:30:00,79.9,75,80,40.2,2
2019/11/09, 09:45:00,81.4,75,80,41.2,2
2019/11/09, 10:00:00,82.1,75,80,41.4,2
2019/11/09, 10:15:00,81.9,75,80,42.3,2
2019/11/09, 10:30:00,80,75,80,43,2
2019/11/09, 10:45:00,77.4,75,80,43.9,2
2019/11/09, 11:00:00,77.6,75,80,44.6,2
2019/11/09, 11:15:00,79.4,75,80,45.6,2
2019/11/09, 11:30:00,80.6,75,80,46.3,2
2019/11/09, 11:45:00,81.6,75,80,47.2,2
2019/11/09, 12:00:00,82.2,75,80,48,2
2019/11/09, 12:15:00,81.9,75,80,48.4,2
2019/11/09, 12:30:00,80.4,75,80,48.6,2
2019/11/09, 12:45:00,80,75,80,49.1,2
2019/11/09, 13:00:00,79.5,75,80,49.7,2
2019/11/09, 13:15:00,79.7,75,80,50.1,2
2019/11/09, 13:30:00,79.2,75,80,50.6,2
2019/11/09, 13:45:00,79.4,75,80,51.3,2
2019/11/09, 14:00:00,78.8,75,80,51.2,2
2019/11/09, 14:15:00,78.4,75,80,51.5,2
2019/11/09, 14:30:00,78.9,75,80,52.2,2
2019/11/09, 14:45:00,79.6,75,80,52.7,2
2019/11/09, 15:00:00,79.6,75,80,52.8,2
2019/11/09, 15:15:00,78.5,75,80,52.8,2
2019/11/09, 15:30:00,77.5,75,80,52.7,2
2019/11/09, 15:45:00,76.2,75,80,52.6,2
2019/11/09, 16:00:00,75,75,80,52.3,2
2019/11/09, 16:15:00,74.6,75,80,52.1,2
2019/11/09, 16:30:00,75.2,75,80,51.8,2
2019/11/09, 16:45:00,75.8,75,80,51,2
2019/11/09, 17:00:00,75.7,75,80,50,2
2019/11/09, 17:15:00,75.4,75,80,48.8,2
2019/11/09, 17:30:00,75.3,75,80,47.8,2
2019/11/09, 17:45:00,75.1,75,80,47.3,2
2019/11/09, 18:00:00,75,75,80,47,2
2019/11/09, 18:15:00,74.9,75,80,46.8,2
2019/11/09, 18:30:00,75,75,80,46.8,2
2019/11/09, 18:45:00,74.8,75,80,46.9,2
2019/11/09, 19:00:00,74.9,75,80,46.9,2
2019/11/09, 19:15:00,75.1,75,80,47,2
2019/11/09, 19:30:00,75.1,75,80,46.9,2
2019/11/09, 19:45:00,75,75,80,47,2
2019/11/09, 20:00:00,74.8,75,80,47.3,2
2019/11/09, 20:15:00,74.8,75,80,47.5,2
2019/11/09, 20:30:00,74.9,75,80,47.4,2
2019/11/09, 20:45:00,75,75,80,47.2,2
2019/11/09, 21:00:00,75.1,75,80,47,2
2019/11/09, 21:15:00,74.9,75,80,46.4,2
2019/11/09, 21:30:00,75,75,80,46,2
2019/11/09, 21:45:00,75.2,75,80,45.4,2
2019/11/09, 22:00:00,75.2,75,80,45.3,2
2019/11/09, 22:15:00,74.9,75,80,45.3,2
2019/11/09, 22:30:00,74.8,75,80,45.2,2
2019/11/09, 22:45:00,75,75,80,44.9,2
2019/11/09, 23:00:00,75,75,80,44.8,2
2019/11/09, 23:15:00,74.9,75,80,44.9,2
2019/11/09, 23:30:00,75,75,80,44.5,2
2019/11/09, 23:45:00,75,75,80,44.3,2
2019/11/10, 00:00:00,74.2,75,80,44.2,2
2019/11/10, 00:15:00,74.2,75,80,44.2,2
2019/11/10, 00:30:00,74.6,75,80,44.6,2
2019/11/10, 00:45:00,74.9,75,80,45.3,2
2019/11/10, 01:00:00,75,75,80,45.7,2
2019/11/10, 01:15:00,75,75,80,45.9,2
2019/11/10, 01:30:00,75.1,75,80,46.3,2
2019/11/10, 01:45:00,75.2,75,80,46.2,2
2019/11/10, 02:00:00,75.2,75,80,46.2,2
2019/11/10, 02:15:00,75.1,75,80,46,2
2019/11/10, 02:30:00,75.1,75,80,45.4,2
2019/11/10, 02:45:00,75.1,75,80,44.7,2
2019/11/10, 03:00:00,75.1,75,80,44,2
2019/11/10, 03:15:00,74.9,75,80,43.5,2
2019/11/10, 03:30:00,74.8,75,80,43.3,2
2019/11/10, 03:45:00,74.8,75,80,43.1,2
2019/11/10, 04:00:00,74.9,75,80,42.6,2
2019/11/10, 04:15:00,75,75,80,42.5,2
2019/11/10, 04:30:00,75,75,80,42.2,2
2019/11/10, 04:45:00,75.2,75,80,41.4,2
2019/11/10, 05:00:00,75.1,75,80,41,2
2019/11/10, 05:15:00,74.9,75,80,41,2
2019/11/10, 05:30:00,75,75,80,41,2
2019/11/10, 05:45:00,75.1,75,80,41.2,2
2019/11/10, 06:00:00,75.1,75,80,41.1,2
2019/11/10, 06:15:00,75.8,75,80,40.9,2
2019/11/10, 06:30:00,76.2,75,80,41.1,2
2019/11/10, 06:45:00,75.3,75,80,41.1,2
2019/11/10, 07:00:00,74.9,75,80,41.2,2
2019/11/10, 07:15:00,75.1,75,80,41.6,2
2019/11/10, 07:30:00,74.8,75,80,41.9,2
2019/11/10, 07:45:00,74.5,75,80,42.4,2
2019/11/10, 08:00:00,73.6,75,80,43.2,2
2019/11/10, 08:15:00,74.6,75,80,44,2
2019/11/10, 08:30:00,75.4,75,80,44.7,2
2019/11/10, 08:45:00,77,75,80,46.2,2
2019/11/10, 09:00:00,78.8,75,80,47.8,2
2019/11/10, 09:15:00,80.4,75,80,49.2,2
2019/11/10, 09:30:00,81.8,75,80,50.4,2
2019/11/10, 09:45:00,82.9,75,80,51.7,2
2019/11/10, 10:00:00,81.4,75,80,52.8,2
2019/11/10, 10:15:00,81.1,75,80,54,2
2019/11/10, 10:30:00,80.7,75,80,55.2,2
2019/11/10, 10:45:00,79.9,75,80,55.4,2
2019/11/10, 11:00:00,79.6,75,80,55.5,2
2019/11/10, 11:15:00,80,75,80,56.4,2
2019/11/10, 11:30:00,79.6,75,80,57.1,2
2019/11/10, 11:45:00,79.5,75,80,57.2,2
2019/11/10, 12:00:00,81.3,75,80,58,2
2019/11/10, 12:15:00,80.4,75,80,58.4,2
2019/11/10, 12:30:00,79.6,75,80,58.5,2
2019/11/10, 12:45:00,79.8,75,80,58.8,2
2019/11/10, 13:00:00,79.8,75,80,58.8,2
2019/11/10, 13:15:00,79.6,75,80,58.6,2
2019/11/10, 13:30:00,79.3,75,80,58.6,2
2019/11/10, 13:45:00,79.4,75,80,59.1,2
2019/11/10, 14:00:00,79.8,75,80,58.9,2
2019/11/10, 14:15:00,79.6,75,80,58.8,2
2019/11/10, 14:30:00,79.1,75,80,59,2
2019/11/10, 14:45:00,79,75,80,58.4,2
2019/11/10, 15:00:00,79.5,75,80,58.7,2
2019/11/10, 15:15:00,79.6,75,80,58.5,2
2019/11/10, 15:30:00,78.2,75,80,58.2,2
2019/11/10, 15:45:00,77.6,75,80,57.7,2
2019/11/10, 16:00:00,77.1,75,80,57.5,2
2019/11/10, 16:15:00,76.4,75,80,57.1,2
2019/11/10, 16:30:00,75.8,75,80,56.5,2
2019/11/10, 16:45:00,75.7,75,80,55.5,2
2019/11/10, 17:00:00,75.7,75,80,55,2
2019/11/10, 17:15:00,75.5,75,80,54.7,2
2019/11/10, 17:30:00,75.4,75,80,54.2,2
2019/11/10, 17:45:00,74.8,75,80,53.1,2
2019/11/10, 18:00:00,74.4,75,80,51.8,2
2019/11/10, 18:15:00,74.7,75,80,50.9,2
2019/11/10, 18:30:00,75,75,80,49.7,2
2019/11/10, 18:45:00,75.2,75,80,48.4,2
2019/11/10, 19:00:00,75.3,75,80,47.7,2
2019/11/10, 19:15:00,75.1,75,80,47.2,2
2019/11/10, 19:30:00,74.8,75,80,46.7,2
2019/11/10, 19:45:00,74.9,75,80,46.3,2
2019/11/10, 20:00:00,75,75,80,46.2,2
2019/11/10, 20:15:00,75,75,80,45.9,2
2019/11/10, 20:30:00,75.2,75,80,45.6,2
2019/11/10, 20:45:00,75.1,75,80,45.4,2
2019/11/10, 21:00:00,74.8,75,80,45.2,2
2019/11/10, 21:15:00,75,75,80,44.9,2
2019/11/10, 21:30:00,74.9,75,80,44.9,2
2019/11/10, 21:45:00,75.3,75,80,44.7,2
2019/11/10, 22:00:00,75,75,80,44.4,2
2019/11/10, 22:15:00,74.4,75,80,44,2
2019/11/10, 22:30:00,74.9,75,80,43.8,2
2019/11/10, 22:45:00,75.7,75,80,43.8,2
2019/11/10, 23:00:00,75.5,75,80,44.4,2
2019/11/10, 23:15:00,75,75,80,44.8,2
2019/11/10, 23:30:00,74.9,75,80,45,2
2019/11/10, 23:45:00,75.1,75,80,45,2
2019/11/11, 00:00:00,74,75,80,45.1,2
2020/01/13, 00:15:00,70.4,68.599999999999994,72.400000000000006,38.799999999999997,3
2020/01/13, 08:15:00,75.1,71.599999999999994,76,42.2,3
2020/01/13, 16:15:00,73,71.5,75.900000000000006,42.1,3
2020/01/14, 00:15:00,70.6,68.599999999999994,72.400000000000006,39.799999999999997,3
2020/01/14, 08:15:00,75.1,71.599999999999994,76,45,3
2020/01/14, 16:15:00,73.1,71.5,75.900000000000006,44.3,3
2020/01/15, 00:15:00,70.4,68.599999999999994,72.400000000000006,42.7,3
2020/01/15, 08:15:00,74.8,71.599999999999994,76,48.3,3
2020/01/15, 16:15:00,73.7,71.5,75.900000000000006,43.1,3
2020/01/16, 00:15:00,71.3,68.599999999999994,72.400000000000006,30.1,3
2020/01/16, 08:15:00,75.7,71.599999999999994,76,28.3,3
2020/01/16, 16:15:00,74.4,71.5,75.900000000000006,28.2,3
2020/01/17, 00:15:00,71.1,68.599999999999994,72.400000000000006,27.7,3
2020/01/17, 08:15:00,73.5,71.599999999999994,76,32.4,3
2020/01/17, 16:15:00,73.2,71.5,75.900000000000006,34.799999999999997,3
2020/01/18, 00:15:00,70.2,68.599999999999994,72.400000000000006,38.299999999999997,3
2020/01/18, 08:15:00,73.7,71.599999999999994,76,39.700000000000003,3
2020/01/18, 16:15:00,74.3,71.5,75.900000000000006,23.7,3
2020/01/19, 00:15:00,70.3,68.599999999999994,72.400000000000006,12.7,3
2020/01/19, 08:15:00,73,71.599999999999994,76,15.5,3
2020/01/19, 16:15:00,73.7,71.5,75.900000000000006,18.7,3
2020/01/20, 00:15:00,70.6,68.599999999999994,72.400000000000006,20.2,3
2020/01/20, 08:15:00,74.3,71.599999999999994,76,28.4,3
2020/01/20, 16:15:00,72.5,71.5,75.900000000000006,29.7,3
2020/01/21, 00:15:00,69.6,68.599999999999994,72.400000000000006,25.7,3
2020/01/21, 08:15:00,75.5,71.599999999999994,76,32.299999999999997,3
2020/01/21, 16:15:00,73,71.5,75.900000000000006,31.9,3
2020/01/22, 00:15:00,70.6,68.599999999999994,72.400000000000006,28.8,3
2020/01/22, 08:15:00,74.3,71.599999999999994,76,35,3
2020/01/22, 16:15:00,73.1,71.5,75.900000000000006,37,3
2020/01/23, 00:15:00,70.3,68.599999999999994,72.400000000000006,36.700000000000003,3
2020/01/23, 08:15:00,72.8,71.599999999999994,76,39.6,3
2020/01/23, 16:15:00,73.6,71.5,75.900000000000006,41.8,3
2020/01/24, 00:15:00,70.3,68.599999999999994,72.400000000000006,42.6,3
2020/01/24, 08:15:00,73.4,71.599999999999994,76,42.7,3
2020/01/24, 16:15:00,73.9,71.5,75.900000000000006,40.5,3
2020/01/25, 00:15:00,71,68.599999999999994,72.400000000000006,37.4,3
2020/01/25, 08:15:00,73.6,71.599999999999994,76,36.700000000000003,3
2020/01/25, 16:15:00,73.9,71.5,75.900000000000006,37.200000000000003,3
2020/01/26, 00:15:00,70.9,68.599999999999994,72.400000000000006,36.5,3
2020/01/26, 08:15:00,76,71.599999999999994,76,39.5,3
2020/01/26, 16:15:00,73.6,71.5,75.900000000000006,39.5,3
2020/01/27, 00:15:00,70.9,68.599999999999994,72.400000000000006,35.700000000000003,3
2020/01/27, 08:15:00,73.4,71.599999999999994,76,36.200000000000003,3
2020/01/27, 16:15:00,74.1,71.5,75.900000000000006,36.4,3
2020/01/28, 00:15:00,70.6,68.599999999999994,72.400000000000006,36.6,3
2020/01/28, 08:15:00,73.1,71.599999999999994,76,37.4,3
2020/01/28, 16:15:00,73.9,71.5,75.900000000000006,38.299999999999997,3
2020/01/29, 00:15:00,70.8,68.599999999999994,72.400000000000006,37.4,3
2020/01/29, 08:15:00,73,71.599999999999994,76,39.6,3
2020/01/29, 16:15:00,73.7,71.5,75.900000000000006,40.1,3
2020/01/30, 00:15:00,70.5,68.7,72.400000000000006,39.5,3
2020/01/30, 08:15:00,74.8,71.599999999999994,76,42.4,3
2020/01/30, 16:15:00,73.7,71.5,75.900000000000006,42.3,3
2020/01/31, 00:15:00,70.4,68.7,72.400000000000006,40.1,3
2020/01/31, 08:15:00,74.3,71.599999999999994,76,42.4,3
2020/01/31, 16:15:00,73.3,71.5,75.900000000000006,44.5,3
2020/02/02, 00:15:00,70.6,68.7,72.400000000000006,40.6,3
2020/02/02, 08:15:00,76.2,71.599999999999994,76,54,3
2020/02/02, 16:15:00,73.5,71.5,75.900000000000006,52.8,3
2020/02/03, 00:15:00,70.2,68.7,72.400000000000006,46.3,3
2020/02/03, 08:15:00,76,71.599999999999994,76,57.1,3
2020/02/03, 16:15:00,73,71.5,75.900000000000006,59.5,3
2020/02/04, 00:15:00,70.3,68.7,72.400000000000006,47.5,3
2020/02/04, 08:15:00,72.9,71.599999999999994,76,42.9,3
2020/02/04, 16:15:00,74.2,71.5,75.900000000000006,37.799999999999997,3
